Smiles,Active
CC1=NN=C(S1)NC(=O)C2=C(C3=CC=CC=C3N(C2=O)CC=C)O,1
C1CCN(CC1)C2=NC=NC(=C2)NC(=O)NC(=O)C3=CC=C(C=C3)Cl,1
CC1=CC=CC=C1NC(=O)C2=C(C3=CC=CC4=C3N(C2=O)CC4)O,1
CCOC(=O)C1=C(SC2=C1CCCC2)NC(=O)C3=CC=C(C=C3)N4C=NN=N4,1
CCOC(=O)N1CCC2=C(C1)SC3=C2C(=O)NC(N3)C4=CC=C(O4)C5=CC=C(C=C5)Cl,1
COC(=O)C1=CC=CC=C1NC(=O)C2=CC3=C(C=C2)C(=O)N(C3=O)CC4=CC=CO4,1
C1OC2=C(O1)C=C(C=C2)C3=NN4C(=NN=C4S3)C5=CC=C(C=C5)F,1
CC1CCC2=C(C1)SC3=C2C(=NC(=N3)C4CC4)SCC(=O)NC5=NOC(=C5)C,1
CC1=C(N=C(O1)C2=CC=C(C=C2)Cl)CN3C4=C(C=CC(=C4)C(=O)OC)N5CCCC5C3=O,1
CCOC(=O)C1=C(SC2=C1CCCC2)NC(=O)C3=NOC(=C3)C4CC4,1
COC1=CC(=CC(=C1OC)OC)C2=NN=C3N2N=C(S3)C4=CN=CC=C4,1
C1C(OC2=CC=CC=C2O1)C3=NN=C4N3N=C(S4)C5=CC=CC=C5,1
COC1=CC(=CC=C1)OCC(=O)NC2=C(OC3=CC=CC=C32)C(=O)NC4=C(C=C(C=C4)OC)OC,1
CCCN(CCC)S(=O)(=O)C1=CC=C(C=C1)C(=O)NC2=NN=C(O2)C3=CC(=CC=C3)OC,1
COC1=CC(=CC(=C1OC)OC)C2=NN=C3N2N=C(S3)CC4=CC=C(C=C4)Cl,1
C1CN(C2=CC=CC=C21)C3=NC=C4C(=N3)CC(CC4=O)C5=CC=CC=C5,1
CCCCCCNC(=O)C1=C(N(C2=NC3=CC=CC=C3N=C12)/N=C/C4=CC=CO4)N,1
COC1=CC=C(C=C1)N2C(=O)C3=C(C4=CC=CC=C4N3)N=C2SCC(=O)N5CCCC5,1
CC(C)SC1=NC(=NC2=C1C(=O)N(C(=O)N2C)C)C3=CC=CS3,1
CN1C2=CC=CC=C2C3=C(C1=O)C=C(N3C)C(=O)NCC4=CC=CC=C4OC,1
C=CCN1C(=C(SC1=S)C(=O)NCCC2=CCCCC2)N,1
CC1=CC=CC=C1OCC2=NC(=NO2)C3=CC=C(C=C3)NC(=O)C4=CC5=C(C=C4)OCO5,1
CN1C(=O)C(C(=O)N(C1=O)C)CC2=CC=C(C=C2)OCC=C,1
CCOC1=CC=C(C=C1)N2C(=O)C3=C(N(C2=O)CC(=O)NCC4=CC=CO4)SC5=C3CCC5,1
CC1=C(C=C(C=C1)NC(=O)CSC2=C(C(C(=C(N2)C)C(=O)OCC=C)C3=CC=CO3)C#N)Cl,1
CC1=C(C(=CC=C1)NC2=NNC(=S)S2)C,1
CCOC1=C(C=CC(=C1)C2C(=C(SC(=C2C#N)N)N)C#N)OCCN3CCOCC3,1
CC1=CC=C(C=C1)N2C(=C(SC2=S)C3=NC4=CC=CC=C4N3C)N,1
CN(C)C1=CC=CC(=C1)C(=O)NC2=CC(=CC=C2)F,1
C1CN2C3=C1C=CC=C3C(=C(C2=O)C(=O)NCCC4=CC=CC=C4)O,1
COC1=CC=C(C=C1)CN2C(=NN=N2)C(C3=CN=CC=C3)N4CCN(CC4)C5=CC=C(C=C5)O,1
CC1=CC=CC=C1N2CN3C(=O)CC(C(=C3SC2)C#N)C4=CC(=C(C(=C4)OC)OC)OC,1
CC1=C(SC(=C1C#N)NC(=O)C2=C(C3=CC=CC=C3O2)C)C,1
CCOC1=CC=CC=C1OCC2=NN3C(=NN=C3S2)COC4=CC=CC=C4,1
C1CCN(CC1)C(=O)CSC2=NN=C(S2)NC(=O)C3=CC=CS3,1
CCC1(CC2=C(CO1)SC3=C2C(=O)N(C4=NN=C(N34)SCC5=CC6=C(C=C5)OCO6)C)C,1
CC1=CC=CC=C1N2C(=O)C3=C(C2=O)SC4=NC5=C(CCC5)C(=O)N34,1
CCCC1=NC2=CC=CC=C2C(=O)N1/N=C/C3=CC(=C(C=C3)O)O,1
CC1=C(SC2=C1C(=O)NC(=N2)C(C)NC3=CC=CC=C3N4CCOCC4)C,1
CC(C)CN(C1CCS(=O)(=O)C1)C(=O)COC(=O)C2=CC3=C(C=C2)SCC(=O)N3,1
COC1=CC(=CC(=C1OC)OC)C2=NN3C(=NN=C3S2)CC4=CC=CC=C4,1
C1=CC=C2C(=C1)N=C3N2C(=O)/C(=C/C4=CC=CC=N4)/S3,1
C1=CC=C2C(=C1)N=NN2CC3=NN=C4N3N=C(S4)COC5=CC=C(C=C5)F,1
COC1=CC(=C(C=C1)OC)NC2=NC(=CS2)C3=CC(=C(C=C3)O)O,1
CN(C)C(=S)C1=CC(=C(C=C1)O)OC,1
CC1=CC(=C2C(=C1)N=C(O2)C3=CC(=C(C=C3)Cl)NC(=O)C4=C(C=C(C=C4)C#N)F)C,1
CC1=NC2=CC3=C(C=C2S1)SC(=N3)C,1
CC1=CC=C(C=C1)N2C(=C(SC2=S)C(=O)N3CCCCC3)N,1
C1=CC(=CC=C1C2=NC(=CS2)C3=CC(=C(C=C3)O)O)O,1
C1=CC=NC(=C1)C2=NN=C(C=C2)C3=CC=CC=N3,1
CCOC1=CC=CC(=C1O)C=NC2=CC(=CC(=C2O)C)C,1
CCN1C2=C(N=C1SCC=C)N(C(=O)NC2=O)C,1
C1CCN(CC1)S(=O)(=O)C2=CC=C(C=C2)S(=O)(=O)N3CCN(CC3)C(=O)C4=CC=CC=C4F,1
C1CCN(C1)S(=O)(=O)C2=CC3=C(C=C2)N(C(=O)O3)CC(=O)NC4CCCC5=CC=CC=C45,1
CC1=CC=C(C=C1)C2=NC3=C(C=NN3C(=C2)C(F)F)C(=O)NCC4=CC=CO4,1
C1CCN(CC1)C(=O)C2=C(N(C(=S)S2)C3=CC=CC=C3)N,1
CC1=CC=C(C=C1)N2C3=C(C(SCC(=O)N3)C4=CC5=C(C=C4)OCO5)C(=N2)C,1
CC1=CC=C(O1)C2=NC3=C(C=C(C=C3)Br)C(=C2)C(=O)NC4=NCCS4,1
C1CC(=C(C(=O)C1)C(C#CC2=CC=CC=C2)C3=C(CCCC3=O)O)O,1
CC1=CC=C(C=C1)N2C(=C(SC2=S)C(=O)N3CCOCC3)N,1
C1CN(CCN1C2=CC=CC=C2)C3=NC4=CC5=C(C=C4S3)OCO5,1
COC(=O)C1=C(N(C(=S)S1)C2=CC(=CC=C2)Cl)N,1
CC1=CC=C(O1)C2=NN(C=C2CN(CC3=CC=CC=C3)C(=O)CCC(=O)O)C4=CC=CC=C4,1
CC(C)CN(CC(C)C)S(=O)(=O)C1=CC=C(C=C1)C(=O)NC2=NN=C(O2)C3=CC(=CC=C3)OC,1
CCOC1=C(C=CC(=C1)[C@@H]2[C@H]3CN(CC=C3C(=C(C2(C#N)C#N)N)C#N)C(=O)OCC)OC(C)C,1
CC1=C(C=C(C=C1)NC(=O)CSC2=NC3=C(C=CC(=C3)C(=O)OC)C(=O)N2CC4=CC=CO4)Cl,1
COC(=O)C1=C(C2=C(O1)C=CC(=C2)Br)NC(=O)C3=CC=CC=C3,1
C1=CC=C2C(=C1)N=C3N2C4=C(S3)C(=O)N(C4=O)C5=CC=CC=C5Cl,1
C1CC2=C(C1)SC(=C2C(=O)NC3CCS(=O)(=O)C3)N,1
CC1=CC(=C(C(=C1)C)NC(=O)CN2C3=CC=CC=C3C(=O)N(C2=O)CC4=CC=CO4)C,1
C1CC2=C(C1)SC(=C2C#N)NC(=O)CN3CCN(CC3)S(=O)(=O)C4=CC5=C(C=C4)OCCO5,1
C1=CC=C(C=C1)C2=NN3C(=NN=C3S2)CN4C5=CC=CC=C5N=N4,1
CC1=NN(C2=C1P(=S)(OC(=N2)C3=CC=C(C=C3)F)N4CCCC4)CCC#N,1
CC1=CC(=CC=C1)C2=NSC(=N2)SCC(=O)NCC3=CC=CO3,1
CN1CCN(CC1)C2=C(C(=O)N(C2=O)C3=CC(=C(C=C3)Cl)Cl)Cl,1
CC1=C(C(N2C(=O)/C(=C/3\C4=CC=CC=C4NC3=O)/SC2=N1)C5=CC=CC=C5)C(=O)OC,1
CCOC(=O)C1=C(N(C(=S)S1)C2=C(C=CC(=C2)OC)OC)N,1
CCOC(=O)C1=C2NC(=O)C3=C(N2C(=S)S1)C=C(C=C3)C(=O)OC,1
CCOC(=O)C1=C(N(C(=S)S1)C2=CC=CC=C2OC)N,1
CC1=CC=CC=C1NC(=O)CSC2=NC3=C(CCCC3)C(=C2C#N)C4=CC=CO4,1
COC1=CC(=C(C=C1)N2CN3C(=O)CC(C(=C3SC2)C#N)C4=CC(=C(C=C4OC)OC)OC)OC,1
COC1=CC=C(C=C1)N2CCN(CC2)CC3=CC(=O)OC4=CC(=C(C=C34)O)C5=CC=CC=C5,1
CCN1C(=C(SC1=S)C(=O)NC2=CC=CC=C2C(=O)OC)N,1
C1CN(CCN1CC2=CC(=O)OC3=CC(=C(C=C23)O)C4=CC=CC=C4)C5=CC=CC=C5,1
C1CCN(CC1)C(=O)C2=C3C=CC=C4C3=C(C=C2)C(=O)N(C4=O)O,1
CC1=CC2=C(C=C1C)N=C(N2)C3=CN=C(C=C3)SCC(=O)NC4=NOC(=C4)C,1
COC1=CC(=CC(=C1OC)OC)N=C2C(=NSS2)Cl,1
CC(C)C1=NN=C(S1)NC(=O)C2=C(C3=CC=CC4=C3N(C2=O)CCC4)O,1
CCCC1=CC(=NO1)C(=O)NC2=C(C3=C(S2)CCC3)C#N,1
C1=COC(=C1)C2=NN=C(O2)C3=CC=C(C=C3)NC(=O)COC4=CC=C(C=C4)Br,1
CC1=CC(=CC=C1)C2=NSC(=N2)SCC(=O)NC3=NC=CS3,1
COC(=O)C1=C(N(C(=S)S1)C2=CC=CC=C2)N,1
CC(C)CN1C2=C(C(=O)NC1=O)N(C(=N2)C3=CC=C(O3)C4=CC=CC=C4Cl)CCOC,1
C1CCC2=C(C1)C(=C(S2)NC(=O)C3COC4=CC=CC=C4O3)C(=O)NC5CCS(=O)(=O)C5,1
CCCSC1=NC2=C(C=NN2C3=CC=C(C=C3)Cl)C(=O)N1,1
CC1=CC=C(C=C1)C2C3=C(CCCC3=O)NC4=C2C(=O)NC(=S)N4,1
CC1=CC=C(O1)/C=C/C2=CC3=C(C(C2)(C)C)SC(=C3C#N)NC(=O)CSC4=NNC(=N4)N,1
C/C=C/CSC1=NC2=C(N1CC3=CC=C(C=C3)C)C(=O)NC(=O)N2C,1
CN1C(=C(SC1=S)C(=O)NC2=CC=CC=C2C(=O)OC)N,1
COC1=CC=CC=C1N=C2C(=CC3=C(O2)C(=CC=C3)OC)C(=O)NCC4=CC=CO4,1
CC(=O)C(C(=O)N(C)C)SC1=NC=NC2=C1N=NN2C3=CC=C(C=C3)F,1
CC1CCN(CC1)S(=O)(=O)C2=CC=C(C=C2)NC(=O)CN3N=C(N=N3)C4=CC=CC=C4,1
COC(=O)C1=CC2=C(C=C1)C(=O)N(C(=N2)SCC(=O)NC3=CC=CC=C3Cl)CC4=CC=CO4,1
C1=CC=C2C(=C1)C(=O)NC(=N2)C3=CC=NC=C3,1
CN1CCN(CC1)C(=S)C2=CC=C(C=C2)N(C)C,1
CC1=CC(=NO1)NC(=O)CSC2=NC3=CC4=C(C=C3C(=O)N2CCC5=CC=CC=C5)OCO4,1
CCC(C)C1=CC2=C(C=C1)OC(=N2)C3=CC=C(C=C3)NC(=O)C4=NC=NN4,1
CC1CCN(CC1)C(=S)C2=CC=CC=C2O,1
CCOC1=C(C=CC(=C1)C2CC(=O)N3CN(CSC3=C2C#N)C4CCCCC4)O,1
C1=CC=C(C=C1)N2C(=O)C3=CC=CC=C3[Se]2,1
C1=CC(=C(C=C1/C=C/C(=O)O)O)O,1
CC(C)CC1=CC(=NO1)C(=O)NC2=C(C3=C(S2)CCCC3)C#N,1
COC1=CC(=C(C=C1)N2CN3C(=O)CC(C(=C3SC2)C#N)C4=CC(=C(C=C4)OC)OC)OC,1
CC1=CC(=C(S1)S(=O)(=O)C)C2=NSC(=O)O2,1
C1=CC=C2C(=C1)N=CN2CC3=NN=C4N3N=C(S4)C5=CC=NC=C5,1
C1=CC=NC(=C1)C(=S)NC2=CC=CC=N2,1
CC1=CC(=NC2=C1C(=O)N(S2)CC(=O)NCCCN3CCOCC3)C,1
CCOC(=O)C1=C(C2=C(S1)N=C3CCC(CCN3C2=O)C)C,1
CCOC(=O)C1=C(SN(C1=S)C2=CC=CC=C2C)N,1
CC1=CC(=CC=C1)C2=NC(=C(O2)C)CN3C4=C(C=CC(=C4)C(=O)OC)N5CCCC5C3=O,1
CC1=C2C(=CC=C1)SC(=N2)NC(=O)C3=C(N=C(O3)C)C,1
C1CCC2=C(C1)C(=C(C(=S)N2)C#N)C3=CN=CC=C3,1
CC(C)C1=CC=C(C=C1)C2CC(=O)N3CN(CSC3=C2C#N)C,1
C1=CC=C2C(=C1)C=CC(=O)C2=O,1
CC1=C(C(=CC=C1)OCC(=O)NC2=CC=CC(=C2)C3=NN=C(O3)C4=CC=CC=C4)C,1
C1CC1C2=NC(=S)C3=CC=CC=C3N2,1
CC1=CC=C(C=C1)C2C3=C(CC(CC3=O)(C)C)NC4=C2C(=O)NC(=S)N4,1
COCCNC(=S)C1=CC=C(C=C1)OC,1
CC1=CC(=C2C(=C1)N3C(=O)/C(=C\C4=CC5=C(C=C4)N(C(=O)N5C)C)/SC3=N2)C,1
C1C(OC2=CC=CC=C2O1)C(=O)NC3=NC(=CS3)C4=CC=NC=C4,1
CC1=C(C2=C(C=C1)C3C=CCC3C(N2)C(=O)O)C,1
CC1=NN(C2=C1C(=CC(=O)N2)C(F)(F)F)CCC3=NC(=CS3)C4=CC=CO4.Br,1
C1=CC=C(C=C1)CCC2=NN3C(=NN=C3S2)CN4C5=CC=CC=C5N=N4,1
COC1=CC=C(C=C1)CCNC(=O)C2=C(C3=CC=CC4=C3N(C2=O)CC4)O,1
CSC1=CC=C(C=C1)C(=S)N2CCN(CC2)CCO,1
CC1=CC(=C(N1CC2=CC=CS2)C)C(=O)CSC3=NN=C(O3)C4=CC=C(C=C4)OC(F)F,1
CC(C)(C)C1=NN2C(=NN=C2SC1)C3=CC=CC=N3,1
CC1(CC2=C(CO1)C=C(C(=S)N2)C#N)C,1
COC1=CC(=C(C=C1)OC)C2CC(=O)N3CN(CSC3=C2C#N)C4=C(C=C(C=C4)OC)OC,1
CCC(C)SC1=NC2=C(N1CC(COC3=CC=CC4=CC=CC=C43)O)C(=O)NC(=O)N2C,1
CN(C1CCCCC1)S(=O)(=O)CC2=CC=CC=C2,1
CCC1=NN=C(S1)NC(=O)C2CCCCC2,1
CC(C)SC1=NC2=C(C3=C(S2)CCCC3)C4=NN=C(N41)SCC(=O)NCC5=CC=CO5,1
CC1=CC(=C(C(=N)O1)C#N)C,1
CC1=C(C=C(C=C1)NC(=O)CSC2=NN=C(O2)C3=CC=C(C=C3)S(=O)(=O)N4CCCC4)C,1
CCOC(=O)C1=C(NC(=C1C)C(=O)CSC2=NC3=CC=CC=C3O2)C,1
C1=CC=C2C(=C1)N=NN2CC3=NN=C4N3N=C(S4)C5=CC=NC=C5,1
C1=CC=C(C=C1)CC2=NN3C(=NN=C3S2)CN4C5=CC=CC=C5N=N4,1
COC1=CC(=C(C=C1)OC)/C=N/C2=C(C(=C(O2)C3=CC=CO3)C4=CC=CO4)C#N,1
C1=CC=C(C=C1)C(=O)CSC2=NC=NN2,1
CC1=CC(=NC2=NNC(=S)N12)C,1
CC1=CC(=C(N1C2=C(C(=C(S2)C)C)C#N)C)/C=N/N3C=NN=C3,1
C1=COC(=C1)C(=O)NC2=NC(=CS2)C3=CC=NC=C3,1
CC(C)(C)C1=NN=C(S1)NS(=O)(=O)C2=CC=C(C=C2)OC,1
COC(=O)OC1=NSN=C1N2CCOCC2,1
CC1=NC2=C(S1)C=C(C=C2)NC3=NC4=C(O3)C=CC(=C4)S(=O)(=O)N5CCOCC5,1
C1=CC=C(C=C1)N2C3=C(C=N2)C4=NC(=NN4C=N3)C5=CC=CO5,1
C1CC(OC1)CNC(=O)CCCN2C(=O)C3=CC=CC=C3N=C2SCC(=O)C4=CC(=C(C=C4)O)O,1
CN1CCN(CC1)C(=S)C2=CC=C(C=C2)SC,1
CCOC(=O)C1=C(N=C2N(C1C3=CC4=C(C=C3)OCO4)C(=O)/C(=C/5\C6=CC=CC=C6NC5=O)/S2)C,1
C1CCC2=C(C1)C(=C(S2)NC(=O)CSC3=NC(=CC(=N3)C(F)(F)F)C4=CC=CO4)C#N,1
C1COCCN1C(=O)CSC2=NC3=C(C(=O)N2C4=CC(=CC=C4)Cl)NC5=CC=CC=C53,1
C1=CC=C2C(=C1)C(=O)N(C2=O)CCC(=O)NC3=CC=C(C=C3)C4=NC5=CC=CC=C5O4,1
C1CCC2=C(C1)C=CC(=C2)C3=NN=C(O3)NC(=O)COC4=CC=C(C=C4)Cl,1
C1C(OC2=CC=CC=C2O1)C3=NN4C(=NN=C4S3)CN5C6=CC=CC=C6N=N5,1
C1=CC=C2C(=C1)C3=NC4=CC=CC=C4N3C(=N2)SCC(=O)NCC5=CC=CO5,1
CCOC(=O)C1=C(SC2=C1CCC3C2C(=O)N(C3=O)C4CCCCC4)N,1
CCCCCCN1C2=C(N=C1SCC(=O)OC)N(C(=O)NC2=O)C,1
CCOC(=O)CC1=CSC(=N1)N2C(=O)C3=CC=CC=C3S2,1
C1COCCN1SC2=NC3=CC=CC=C3N2,1
CC1=CC=CC=C1N2CN3C(=O)CC(C(=C3SC2)C#N)C4=CC(=C(C=C4OC)OC)OC,1
CCOC(=O)CSC1=NC2=C(C=CC(=C2)C(=O)NCC3=CC=CO3)C(=O)N1C4=CC=C(C=C4)F,1
CC1=CC2=C(C(=C1Cl)C)C(=CC(=O)O2)CN3CCN(CC3)C4=CC=C(C=C4)OC,1
C1CN(CCN1CCO)C(=S)C2=CC=C(C=C2)Cl,1
CCOC(=O)C1=C(C(=C(S1)NC(=O)CSC2=NNC(=N2)C3=CC=CC=C3)C#N)C,1
C1COCCN1C(=O)C2=C(N(C(=S)S2)C3=CC=CC=C3)N,1
COC1=C(C=C(C=C1)C2=CC3=CC=CC=C3OC2=O)NC(=O)C4=CC=C(O4)Br,1
C1=CC=C(C=C1)P(=O)(C2=NC3=CC=CC=C3S2)NC4=NC=CS4,1
CCC1=C(SC(=C1C(=O)N)NC(=O)C2CCCCC2C(=O)O)C,1
CCOC(=O)C1=CC=C(C=C1)NS(=O)(=O)C2=CC3=C(C=C2)NC(=O)N3,1
CN1C2=C(C(=O)NC1=O)N(C(=N2)SCCN3CCOCC3)CCC4=CC=CC=C4,1
CC1=NN2C(=NN=C2C3=CC=CC=C13)C4=CC(=CC=C4)NC(=O)CSC5=NC6=CC=CC=C6O5,1
CCCCC(CC)CN1C2=C(C3=NC4=CC=CC=C4N=C31)C(=N)OC(=N2)C,1
CCCCC[C@@H](/C=C/[C@H]1C=CC(=O)[C@@H]1C/C=C\CCCC(=O)O)O,1
C1=CC=C2C(=C1)N=CN2CC3=NN=C4N3N=C(S4)C5=CC(=CC=C5)Cl,1
CC1=CC(=CC(=C1)OCC(=O)NC2=NON=C2NC(=O)COC3=CC(=CC(=C3)C)C)C,1
CC1=CC(=CC=C1)N(CC2=CC(=O)NC3=CC=CC=C32)C(=O)C,1
CC1=CC(=CC=C1)N2C(=C(SC2=S)C(=O)N3CCN(CC3)C)N,1
C1=CC=C(C=C1)CC2=NN=C3N2N=C(S3)C4=CC=CC=N4,1
CCCC1=CC(=NO1)C(=O)NC2=C(C(=C(S2)C)C)C(=O)OCC,1
C1C(OC2=CC=CC=C2O1)C3=NN4C(=NN=C4S3)C5=CC=CC=C5Cl,1
CCOC1=CC=C(C=C1)N2CN3C(=O)CC(C(=C3SC2)C#N)C4=CC=CC=C4Cl,1
C1=CC=C2C(=C1)N=CN2CC3=NN=C4N3N=C(S4)C5=CN=CC=C5,1
CN1CCN(CC1)C(=O)C2=C(N(C(=S)S2)C3=CC=CC=C3)N,1
CC1=C(C(=CC=C1)NC(=O)CN2C(=C(C3=CC=CC=C32)C#N)C)C,1
CC1=NC2=CC=CC=C2C(=C1)C3=NN4C(=NN=C4S3)C5=CC=CC=C5,1
CC1=CC=C(C=C1)N2C(=C(SC2=S)C(=O)N3CCN(CC3)C)N,1
C1=CC=C(C=C1)CC2=NN3C(=NN=C3S2)COC4=CC=CC=C4,1
CC1=C(S/C(=C/2\SC(=C(S2)SCCC#N)C)/S1)SCCC#N,1
C1=CC(=CN=C1)CNC2=C(N=C(O2)C3=CC=C(C=C3)OCC4=CC=C(C=C4)Cl)C#N,1
C1C(OC2=CC=CC=C2O1)C3=NN=C4N3N=C(S4)C5=CC=CS5,1
COC1=C(C(=CC=C1)OC)C2=NN3C(=NN=C3S2)C4=CC(=NN4)C5=CC=CC=C5,1
C1CCCC2=C(CC1)C(=C(S2)NC(=O)C3=CC=C(O3)CN4C=C(C=N4)Br)C#N,1
CN(C)C(=S)C1=CC(=C(C=C1)OC)OC,1
CC1=NNC(=O)N=C1NCC2CCCO2,1
COC1=CC=CC=C1N2C(=C(SC2=S)C(=O)N)N,1
CC(C)CNC(=O)C1=C(N(C2=NC3=CC=CC=C3N=C12)/N=C/C4=CC=CC=N4)N,1
CCCCCC#CCC#CCC#CCC#CCCCC(=O)O,1
CC(C)C1C(=O)N2C(=N1)C3=CC=CC=C3N=C2SCC(=O)C4=CC(=C(C=C4)O)O,1
CC1=CC=C(C=C1)N2C(=C(SC2=S)C(=O)N)N,1
CCCC1=CC(=C(S1)NC(=O)C2CCCO2)C(=O)N,1
C1=CC=C2C(=C1)N=C(S2)C3=C(C=CC=N3)C(=O)NCC4=CC=CO4,1
CC1=C(SC2=C1C(=O)N(C(=N2)SCC(=O)NCC3=CC=CO3)CCC4=CC=CC=C4)C,1
CCN(CC)C1=CC(=O)OC12CCCCC2,1
C1=CC=C(C=C1)CC2=NN3C(=NN=C3S2)CN4C=NC5=CC=CC=C54,1
COC1=CC=C(C=C1)CC(=O)NC2=CC=C(C=C2)C3=NOC(=N3)C4=CC(=CC=C4)OC,1
CC(C)OC(=O)CSC1=NN=C(N1N)C2=CC=C(C=C2)C(C)(C)C,1
CN1C=CN=C1P(=S)(C2=NC=CN2C)N3CCOCC3,1
C1=CC=C2C(=C1)N=NN2CC3=NN=C4N3N=C(S4)C5=CC=CO5,1
C1=CC=C(C=C1)N2C=CC=C2/C=C/3\C(=O)N4C5=CC=CC=C5N=C4S3,1
C1=CC=C2C(=C1)N=NN2CC3=NN=C4N3N=C(S4)CC5=CC=C(C=C5)Cl,1
CCC1=CC(=C(S1)NC(=O)CCC(=O)O)C(=O)OC,1
C1=CC=C2C(=C1)N=C(S2)SCC3=NNC(=S)O3,1
CC1=C(SC2=C1C(=O)N(C(=N2)SCC(=O)NC(=O)NCC3=CC=CO3)CC=C)C,1
CCN1CCN(CC1)C2=NC(=NC3=C2SC(=S)N3C)C,1
C1COCCN1C2=CC=C(C=C2)NC(=O)C3=CC4=C(C=C3)N=C(C(=N4)C5=CC=CO5)C6=CC=CO6,1
C1CC(OC1)C(=O)NC2=NN=C(S2)COC3=CC=C(C=C3)Cl,1
C1C(OC2=CC=CC=C2O1)C3=NN=C4N3N=C(S4)C5=CC6=C(C=C5)OCO6,1
COC(=O)NC1=C(C2=C(S1)CCCCCC2)C(=O)N,1
CC(=O)N1CCN(CC1)C(=S)C2=CC=C(C=C2)N(C)C,1
CCOC(=O)C1=C(C(=CN1)C2=CC=CC=C2)N3CCOCC3,1
CC1=CC2=NN(N=C2C=C1NC(=O)CC(C)C)C3=CC=C(C=C3)OC,1
C1COCCN1C2=C(C=C(C=C2)S(=O)(=O)N3CCOCC3)N4C(=O)C5=CC=CC=C5S4,1
CCCCCN1C2=C(N=C1SCCCC)N(C(=O)NC2=O)C,1
CC1CCC2=C(C1)SC(=C2C(=O)N)NC(=O)C3=CC=C(O3)CN4C=C(C=N4)Br,1
CN(C)C1=CC2=C(C=C1)P(=S)(OC(=N2)C3=CC=CO3)N4CCOCC4,1
CCCCN1C2=C(N=C1SCC(=O)OCC)N(C(=O)NC2=O)C,1
C1=CC=C(C=C1)N2C(=C(SC2=S)C(=O)NCC3=CN=CC=C3)N,1
C1=CC=C(C=C1)C2=CC=C(C=C2)C3=NN=C(O3)C4=CC=C(C=C4)N,1
COC1=CC=C(C=C1)N2CCN(CC2)CC3=CC(=O)OC4=C3C=C5CCCCC5=C4,1
CCC1=CC=CC=C1N2CN3C(=O)CC(C(=C3SC2)C#N)C4=CC(=C(C=C4OC)OC)OC,1
CCC1CC2(NC(=O)C3=C(N2C1=O)SC4=C3CC(OC4)(C)C)C,1
COC(=O)C1=CC(=CC=C1)N2C(=O)C(=C(C2=O)Cl)N3CCOCC3,1
CCCCCN1C2=CC=CC=C2C(=C(C1=O)C(=O)NCC3=CC=NC=C3)O,1
C1=CC=C2C(=C1)N=NN2CC3=NN=C4N3N=C(S4)C5=CC=CC=N5,1
CC1=C(C(=NO1)C)CSC2=NC3=C(O2)C=CC(=C3)S(=O)(=O)N4CCOCC4,1
C1=CSC(=C1)C(=O)NC2=NN=C(S2)COC3=CC=C(C=C3)Cl,1
COC(=O)C1=CC=CC=C1S(=O)(=O)N(CC2=CC3=CC4=C(C=C3NC2=O)OCO4)C5CCCCC5,1
CCC1=CC=CC(=C1NC(=O)C2=CC(=CC=C2)N(C)C)C,1
CC1=CC(=NO1)NC(=O)C2=CC=CC=C2SCCOC,1
CCOC(=O)C1=C(N(C(=S)S1)CC=C)NC(=O)C2=CC=C(O2)Br,1
CC1=CC2=C(C=C1)C(=NC(=N2)C3=CC=C(C=C3)F)SCC(=O)NCC4=CC=CO4,1
CCOC(=O)C(C1=C2C(=C(C(=C1Br)O)O)C(=CO2)C(=O)C3=CC=C(C=C3)C)C(=O)C,1
CC(=O)C(C1=C2C(=C(C(=C1Cl)O)O)C(=CO2)C(=O)C3=CC=CC=C3)C(=O)C,1
COC1=CC=CC=C1C2=NN=C(N2CC=C)SCC(=O)C3=CC(=C(C=C3)O)O,1
CCN1C(=NN=C1SCC(=O)C2=CC(=C(C=C2)O)O)C3=CC=CC=C3OC,1
C1=CC=C(C=C1)CC2=NN=C3N2N=C(S3)C4=CC=NC=C4,1
CCN1C=C(C(=O)C2=C1C=CC(=C2)S(=O)(=O)N3CCC4=CC=CC=C4C3)C(=O)NCC5=CC=CO5,1
C1C(OC2=CC=CC=C2O1)C3=NN4C(=NN=C4S3)COC5=CC=CC=C5,1
C1=CC(=CC=C1CSCC2=NN=C(S2)N)F,1
CC1=C(C=C(C=C1)N2C3=C(C=N2)C(=O)NC(=N3)SCC=C)C,1
CC1=C(SC(=C1C(=O)N)NC(=O)C2=CC=CS2)C,1
CCOC1=CC=C(C=C1)N2CC3=CC=CC=C3C2,1
C1C(CC(=O)C2=CN=C(N=C21)NC3=NC4=CC=CC=C4C(=N3)C5=CC=CC=C5)C6=CC=CO6,1
CCN(CC1=CC=CC=C1)S(=O)(=O)C2=CC=C(C=C2)C(=O)NC3=NN=C(O3)C4=CC=CC=C4OC,1
C1CN(CCN1CCO)C(=S)C2=CC(=C(C=C2)Cl)Cl,1
C1=CC=C(C=C1)OCC2=NN=C3N2N=C(S3)C4=C(C=CC(=C4)Cl)Cl,1
CC(C)(C)C1=CC=C(C=C1)C2=NN=C3N2N=C(S3)C4=CC=NC=C4,1
CC1CC2=CC=CC=C2N1CC3=NC4=C(C=CC(=C4)C(=O)OC)C(=O)N3,1
C1=COC(=C1)C2=NN=C3N2N=C(S3)C4=CC=C(O4)C5=CC=C(C=C5)F,1
C1COCCN1S(=O)(=O)C2=CC=C(S2)CC(=O)NC3=C(C=C(S3)C4=CC=CC=C4)C(=O)N,1
C1CCC2=C(C1)C(=C(C(=N2)SCC(=O)NC3=NC=CS3)C#N)C4=CC=CO4,1
CC1CC(NC(=S)S1)(C)C,1
CC1=CC(=NO1)NC(=O)CSC2=NC(=NS2)C3=CC=C(C=C3)OC,1
CN1C2=C(C(=O)NC1=O)N(C(=N2)SCCN3CCOCC3)CCOC,1
CC(C)(C)C1=CC=C(C=C1)C2=NN=C3N2N=C(S3)C4=CC=CC=N4,1
CC1=NC(=CS1)C2=CC(=CC=C2)S(=O)(=O)N3CCOCC3,1
C1COC2=C(O1)C=CC(=C2)C3=NN4C(=NN=C4S3)CC5=CC=CC=C5,1
CCOC(=O)C(C)SC1=NC2=C(N1C/C=C(/C)\Cl)C(=O)NC(=O)N2C,1
COC1=C(C2=CC=CC=C2C=C1)C3CC(=O)N4CN(CSC4=C3C#N)C5CCCCC5,1
CCOC1=CC=CC=C1N2CN3C(=O)CC(C(=C3SC2)C#N)C4=C(C=CC5=CC=CC=C54)OC,1
COC1=CC=CC=C1N2CN3C(=O)CC(C(=C3SC2)C#N)C4=CC=C(C=C4)SC,1
CN1CN2C(=O)CC(C(=C2SC1)C#N)C3=CC(=CC=C3)OCC4=CC=CC=C4,1
CN1CN2C(=O)CC(C(=C2SC1)C#N)C3=C(C=CC(=C3)Br)OC,1
C1=CC(=C(C=C1O)O)C2=C(C(=O)C3=C(C=C(C=C3O2)O)O)O,1
C1COCCN1C2=NC3=CC4=C(C=C3S2)OCO4,1
CC1=C(C(=CC=C1)C)NC(=O)CSCC(=O)C2=CC(=C(C=C2)O)O,1
C1=CC=C2C(=C1)N=NN2CC3=NN=C4N3N=C(S4)C5=CN=CC=C5,1
COC1=CC(=C(C=C1)OC)S(=O)(=O)NC2=CC(=C(C=C2)O)SC3=NC=NN3,1
CC1=CC(=NC2=C1C(=O)N(S2)CC(=O)NCCC3=C(C=CC(=C3)OC)OC)C,1
CC1=NC(=NC=C1)N2C(=O)C3=CC=CC=C3S2,1
CCCCN1C(=NC2=CC=CC=C2C1=O)CN3C(=O)C4=CC=CC=C4C3=O,1
C1CCN(C1)C2=CC=CC=C2N=CC3=C(N(C(=O)NC3=O)C4=CC=C(C=C4)F)O,1
CC1=CC=C(C=C1)CN2C3=C(N=C2SCCN4CCCCC4)N(C(=O)NC3=O)C,1
COC1=CC=C(C=C1)C2C(=C(N3C4=CC=CC=C4SC3=C2C#N)N)C#N,1
CC1=CC=C(C=C1)C2=CC(=NO2)C(=O)NC3=CC=CC(=C3)C(=O)C,1
C1CCC(CC1)NC(=O)CSC2=C(C(=C(C(=N2)N)C#N)C3=CC=C(C=C3)Cl)C#N,1
CCOC1=CC=CC=C1C(=S)N2CCCC2,1
CCN1C2=CC=CC=C2C3=NC4=C(C=CC(=C4)S(=O)(=O)N5CCOCC5)N=C31,1
CC1CCCCN1C(=O)CSC2=NC(=NC3=C2C=NN3C4=CC=CC=C4)C5CC5,1
C1OC2=C(O1)C=C(C=C2)C3=NN4C(=NN=C4S3)CN5C=NC6=CC=CC=C65,1
CCOC(=O)C1=C(N(C(=S)S1)C2=CC(=C(C=C2)F)F)N,1
CCOC(=O)C1=C(N(C(=S)S1)C2=CC3=C(C=C2)OCO3)N,1
CCOC(=O)N(C1=CC=CC=C1)P2(=S)OCCO2,1
C1CCN(CC1)C2=NC3=C(S2)C=C(C=C3Cl)Cl,1
CC1=C(C(=S)NC(=C1CC=C)C)C#N,1
CC1=C2C(=O)C=CC3=C(C2=C(O1)C)OC(=C(C3C4=CC=C(C=C4)SC)C#N)N,1
C1CCC(CC1)NC(=O)C2=C3NC(=O)C4=CC=CC=C4N3C(=S)S2,1
C1CCN(C1)C2C(=O)NC3=C(S2)C=CC(=C3)C(=O)O,1
COC1=CC=CC=C1C2=NN=C3N2N=C(CS3)C4=CC(=C(C=C4)O)O,1
C1=CC=C(C(=C1)CSC2=NC3=C(N2)C=CC=N3)F,1
CCCC1=NN=C(S1)NC(=O)CN2C(=O)C3=CC=CC=C3S2(=O)=O,1
C1=CC=C2C(=C1)C(=CC=N2)C3C(=C(SC(=C3C#N)N)N)C#N,1
CCOC1=CC=C(C=C1)S(=O)(=O)NC2=CC3=C(C(=C2)SC4=NC=NN4)OC(=O)S3,1
C1=CC2=C(C=C1NS(=O)(=O)C3=CC(=C(C=C3)O)C(=O)O)SC(=O)O2,1
C1=CC=C2C(=C1)N=C3C(=C(N(C3=N2)/N=C/C4=CC(=C(C=C4)O)O)N)S(=O)(=O)C5=CC(=CC=C5)Cl,1
CC1=CC=C(C=C1)CN2C3=C(N=C2SCC(C)C)N(C(=O)NC3=O)C,1
C1=CC=C(C=C1)N2C(=NN=N2)SCC(=O)NC3=NSC(=N3)C4=CC=C(C=C4)Cl,1
CC1=CC(=NC2=C1C(=O)N(S2)CC(=O)N3CCC(CC3)N4CCCCC4)C,1
CCC1=CC=C(C=C1)NC(=O)CSC2=NC3=C(C=CC(=C3)C(=O)OC)C(=O)N2CC4=CC=CO4,1
C1C=CC/S(=N/S(=O)(=O)C2=CC=CC=C2)/N1S(=O)(=O)C3=CC=CC=C3,1
CN1CN2C(=O)CC(C(=C2SC1)C#N)C3=CC(=C(C=C3OC)OC)OC,1
COC1=C(C=C(C=C1)C2C3=C(C(=O)N2CC4=CC=CO4)OC5=C(C3=O)C=C(C=C5)Cl)OC,1
C1=CC(=O)C(=C2C1=CC3=C(O2)NC4=C3C=C(C=C4)Br)O,1
CC(CC1=CC(=C(C=C1)O)O)C(C)CC2=CC(=C(C=C2)O)O,1
CC1CN(CCN1C2=CC=CC(=C2)C)C(=O)CN3C(=O)C4=C(S3)N=C(C=C4C)C,1
CN(C)C1=CC=C(C=C1)N=CC2=C(N(C(=O)NC2=O)CCC3=CCCCC3)O,1
CC(C)(C)C1=CSC(=N1)NC(=O)CN2C=NC3=CC=CC=C3C2=O,1
CC(C)C1=CC2=C(C=C1)OC(=N2)C3=CC=C(C=C3)NC(=O)C4=NC=NN4,1
C1C(OC2=CC=CC=C2O1)C3=NN=C4N3N=C(S4)C5=CC=C(C=C5)Cl,1
CCCC1=CC(=C(S1)NC(=O)C2=C(OC=C2)C)C(=O)N,1
COC1=CC=CC=C1C2=NN3C(=NN=C3S2)C4COC5=CC=CC=C5O4,1
C1COCCN1C(=S)C2=CC=C(O2)C3=CC=CC=C3Cl,1
CC1=CC2=C(C=C1C)N3C(=O)/C(=C\C4=C(C=CC(=C4)OC)O)/SC3=N2,1
CCOC1=C(C=CC(=C1)C2C3=C(C(=O)N2CC4=CC=CO4)OC5=C(C3=O)C=C(C(=C5)C)Cl)O,1
C1CCCN(CC1)C(=O)NC2=CC3=C(C=C2)N=C(C(=N3)C4=CC=CO4)C5=CC=CO5,1
CC1=CC=C(C=C1)C2=NN=C3N2N=C(S3)CCC4=CC=CC=C4,1
COC1=C(C=CC(=C1)/C=C/C(=O)CC(=O)/C=C/C2=CC(=C(C=C2)O)OC)O,1
CC1=C(ON=C1C)NS(=O)(=O)C2=CC=C(C=C2)NC(=O)CSC3=NC4=CC=CC=C4S3,1
CC1=C(C(N2C(=O)/C(=C\C3=CC4=C(C=C3)OCO4)/SC2=N1)C5=CC=C(C=C5)OC)C(=O)C,1
C1=CC=C(C=C1)C2=CC=C(C=C2)C3=CC(N4C(=NC=N4)N3)C5=CC=CO5,1
C1=COC(=C1)CNC(=O)C2=CC3=C(O2)N=C4C=C(C=CC4=C3)Cl,1
CCOC(=O)CSC1=NC(=NS1)C2=CC=C(C=C2)OC,1
CC(C)N1C2=C(N=C1SCC=C)N(C(=O)NC2=O)C,1
C1C(OC2=CC=CC=C2O1)C3=NN=C4N3N=C(S4)C5=NC=CN=C5,1
COC1=CC(=C(C=C1)OC)N2C(=NNC2=S)C3=CC(=CC=C3)O,1
C1=COC(=C1)CNC(=O)CCSCCC(=O)NCC2=CC=CO2,1
CC(C)(C)C1=CC(=CC(=C1O)C(C)(C)C)C(=S)N2CCN(CC2)CCO,1
COC1=CC=C(C=C1)S(=O)(=O)N2CCCC2C(=O)NC3=NN=C(S3)C4=CN=CC=C4,1
CC1=CC=C(C=C1)NC(=O)CN2C(=C(N=N2)C(=O)NC3=CC(=C(C=C3)C)C)N,1
C1=CC=C(C=C1)OCC2=NN3C(=NN=C3S2)CN4C5=CC=CC=C5N=N4,1
COC(=O)C1=CC=C(C=C1)C(=S)N2CCOCC2,1
CCOC(=O)CSC1=NC2=C(C=CC(=C2)C(=O)NCC3=CC=CO3)C(=O)N1C4CCCCC4,1
CCC1=CC=CC=C1N2CN3C(=O)CC(C(=C3SC2)C#N)C4=CC=CC=C4F,1
CC1=C(SC(=N1)N2C(C3=C(C2=O)OC4=CC=CC=C4C3=O)C5=CC=CS5)C(=O)OC,1
C1CCN(C1)S(=O)(=O)C2=CC=C(C=C2)S(=O)(=O)N3CCN(CC3)C/C=C/C4=CC=CC=C4,1
C1CCC2=C(C1)C3=C(S2)N=C(N(C3=O)C4=CC=CC=C4)SCC(=O)NCC5=CC=CO5,1
C=CCNC(=O)C1=C(N(C2=NC3=CC=CC=C3N=C12)C4=CC5=C(C=C4)OCO5)N,1
CC1=C(C(=NO1)C2=CC=CC=C2)C(=O)NC3=NN=C(S3)COC4=CC=C(C=C4)Cl,1
CC(C)C(C1=NN=NN1CC2=CC=CO2)N(CC3=CC4=C(C=CC(=C4)OC)NC3=O)C5CCCCC5,1
C1COCCN1C2=CC=C(C=C2)C(=S)N3CCOCC3,1
CCOC(=O)C1CCCN(C1)C(=O)CN2C(=O)C3=C(S2)N=C(C=C3C)C,1
CC1=CC(=CC=C1)N2CN3C(=O)CC(C(=C3SC2)C#N)C4=CC=C(O4)C,1
CCC1CCCCN1S(=O)(=O)C2=CC=C(C=C2)S(=O)(=O)N3CCN(CC3)S(=O)(=O)CC,1
COC(=O)N(C1=CC=CC=C1)P2(=S)OCCO2,1
CC(C)CN1C(=O)C2=CC=CC=C2N=C1SCC(=O)NC(=O)NC3=CC4=C(C=C3)OCCO4,1
C1=CC=C(C=C1)C2=NN(C(=C2)C#N)C3=CC=CC=C3,1
CCOC(=O)C1=CC=C(C=C1)N2C3=C(C(=O)NC(=N3)C)SC2=S,1
COC1=CC=C(C=C1)S(=O)(=O)NC2=CC=C(C3=CC=CC=C32)O,1
CCOC(=O)C1=C(SC=C1C2COC3=CC=CC=C3O2)NC(=O)C4=CC=CO4,1
CCN1C(=C(SC1=S)C(=O)NCC2=CC3=C(C=C2)OCO3)N,1
CC1=CC(=NC2=C1C(=O)N(S2)CC(=O)NCCCN3CCN(CC3)C4=CC=CC=C4F)C,1
C1COC2=C(O1)C=CC(=C2)C3=NN4C(=NN=C4S3)CN5C6=CC=CC=C6N=N5,1
CC(C)C1=NC2=C(C3=C1CCC3)C4=C(S2)C(=NC=N4)SCC(=O)NCC5=CC=CO5,1
C1=CC=C(C(=C1)C2=NN3C(=NN=C3S2)C4=CC=NC=C4)Cl,1
C1CN(CCN1CC2=CC=CC=C2)C(=S)C3=CC(=CC=C3)O,1
CC1=C(C(=CC=C1)C(=O)OCC(=O)NC2=CC=C(C=C2)N3CCCCC3)O,1
C1COCCN1C(=O)CSC2=NC3=C(N2)C=C(C=C3)S(=O)(=O)N4CCOCC4,1
CC1=C(C=C(C=C1)N2C(=O)C3=CC=CC=C3S2)S(=O)(=O)N4CCCCC4,1
C1=CC=C(C=C1)CC2=NN3C(=NN=C3S2)C4=CC=NC=C4,1
C1COCCN1C(=S)C2=CC=C(C=C2)Cl,1
C1=CC=C(C=C1)N2C3=C(C(=O)NC=N3)SC2=S,1
CC(C)(C)C(=O)/C(=C\1/N(C(=O)/C(=C/C2=CC=C(C=C2)N(C)C3=CC=CC=C3)/S1)CC4=CC=CO4)/C#N,1
CC1CCC2=C(C1)SC(=C2C(=O)OC)NC(=O)CC3=CC=CS3,1
COC(=O)C1=CC(=O)N=C2N1N=C(S2)C3=CC=C(C=C3)F,1
CCOC(=O)C1=C(C(=C(S1)NC(=O)CSC2=NN=C(O2)CC3=CC=CC=C3)C#N)C,1
COC1=CC(=CC(=C1OC)OC)C(=O)NC2=C(C(=C(O2)C3=CC=CC=C3)C4=CC=CC=C4)C#N,1
CN1C2=C(C(=O)NC1=O)N(C(=N2)SCCN3CCCCC3)CCCC4=CC=CC=C4,1
CC1CCOP(=S)(O1)N(C2=CC=C(C=C2)OC)C(=O)OC,1
CC1=C(C=CO1)C2=NN=C3N2N=C(S3)C4=C(OC(=C4)C5=CC=C(C=C5)Cl)C,1
CC(C)C1=CC(=NO1)C(=O)N2CCN(CC2)C(C3=CC=CC=C3)C4=CC=CC=C4,0
CC(C(=O)O)SC1=NN2C(=NN=C2C3=CC=C(C=C3)F)C=C1,0
CCOC(=O)N1CCC(CC1)N2CC3=C(C2=O)C(=CC=C3)C(=O)NCC4=CC=C(C=C4)OC,0
C1=COC(=C1)C(C(=O)O)O,0
CC1=CC2=C(C=C1)N3C(=O)C(=CN=C3S2)NC(=O)C4=CC=CC=C4,0
CCOC(=O)N1CCC(CC1)N2C(=O)C3=C(C2=O)C=C(C=C3)C(=O)NC4CCCCCC4,0
COC1=CC=C(C=C1)CCN2C3=C(C=C(C2=N)C#N)C(=O)N4C=CC=CC4=N3,0
CC(C)CN1C2=CC=CC=C2C(=C(C1=O)C(=O)NC3=CC=NC=C3)O,0
CCC(C)N1C(=O)N(C=N1)C2=CC=C(C=C2)N3CCN(CC3)C4=CC=C(C=C4)OCC5COC(O5)(CN6C=NC=N6)C7=C(C=C(C=C7)Cl)Cl,0
CCCCCSC1=NC2=C(N1CC)C(=O)NC(=O)N2C,0
COC1=C2C(=C(C=C1)OC)SC(=N2)N3CCN(CC3)C4=CC=CC=C4,0
CCCC1=CC(=O)NC(=N1)/N=C(\NC2=CC3=C(C=C2)OCCO3)/NC(=O)C4=CC=CC=C4,0
COC1=C(C=CC(=N1)C2=CC=C(C=C2)Cl)C3=NOC(=N3)C4=CC=NC=C4,0
COC1=C(C=C(C=C1)CC2=NN=C3N2N=C(CS3)C4=CC5=CC=CC=C5O4)OC,0
CC1=CC=C(C=C1)N2CCN3C2=NC4=C3C(=O)N(C(=O)N4C)CCC5=CC=CC=C5,0
CCOC(=O)C1=C(N(N=C1)C2=C(C(=C(S2)C(=O)OCC)C)C(=O)OCC)N,0
CCN1C2=C(N=C(S2)C)SC1=S,0
CC1=CC=C(C=C1)C2=NN=C(O2)SCC3=C(C=CC(=C3)C(=O)OC)OC,0
CCOC(=O)C1=C(SC(=C1C)C(=O)C)NC(=O)C2=NOC(=C2)C3CC3,0
C1OC2=C(O1)C=C(C=C2)C3=NN4C(=NN=C4S3)CC5=CC=CC=C5,0
C1=CC=NC(=C1)C2=NN3C(=NN=C3S2)C4=CC=NC=C4,0
C1CN(CCN1C2=CC=CC=C2)C(=O)CSC3=NN4C(=NN=C4C5=CC=C(C=C5)Cl)C=C3,0
CC1=CC(=NC2=C1C(=O)OC3=CC=CC=C32)NC(=O)CN4CCC5=CC=CC=C5C4,0
CCN1C2=CC=CC=C2C3=C1N=C(N=N3)SCC(=O)NC4=NC(=C(S4)C(=O)OCC)C,0
CC1=CC(=NO1)C(=O)NC2=CC(=NN2C3=CC=CC=C3)C,0
CC1=C(C(=CC=C1)N2CCN(CC2)C(=O)CCN3C(=O)C4=CC(=C(C=C4NC3=O)OC)OC)C,0
CC1=NN(C(=C1)NC(=O)C2=NN3C(CC(NC3=C2)C4=CC=CO4)C(F)(F)F)C5=CC=CC=C5,0
CCN(CC)C1=CC=C(C=C1)C=N/C(=C(/C#N)\N)/C#N,0
C1=CC2=C(C=CC(=C2)N=CC3=C(C=C(C=C3)O)O)N=C1,0
C1=CC=C2C(=C1)N=C(O2)C3=CC4=C(C=C3)N=C(N4)C5=CC=C(C=C5)N,0
CC1=CC2=C(C=C1)C=C(C(=O)N2)CN(C3=CC=CC=C3C)C(=O)C4=CC=CO4,0
CC1=[N+](C2=C(C=CC=C2O)C=C1)[O-],0
COCC1=NC2=CC=CC=C2N1CCOC3=CC=CC=C3OC,0
C1CN(CCC1C2=NC(=NO2)C3=CC=C(C=C3)F)C(=O)NC4=CC=CC(=C4)C(F)(F)F,0
C1CC(OC1)C(=O)NC2=NN=C(S2)C3=CC=NC=C3,0
CSC1=NC(=C(N=N1)C2=CC=CO2)C3=CC=CO3,0
COC1=CC=CC=C1C2=CC(=NO2)C(=O)N3CCN(CC3)C4=CC=CC=C4OC,0
C1=COC=C1C2C(=C(SC(=C2C#N)N)N)C#N,0
COC1=CC=CC=C1NC(=O)C2=C(C3=C(S2)N=C(C=C3)C4=CC=CO4)N,0
COC1=CC=CC(=C1)NC(=O)CSC2=NN=C(N2CC=C)CC3=CC=CS3,0
C1CC2=C(C1)SC(=C2C#N)NC(=O)CSC3=C(C=CC(=N3)C4=CN=CC=C4)C#N,0
CCC(C(=O)NC1CCCC1)N(C2=CC3=CC=CC=C3N=C2)C(=O)CN4N=C(N=N4)C5=CC=C(O5)C,0
COCCOC1=C(C=C(C=C1)C(F)(F)F)NC2=NC3=CC=CC=C3O2,0
CC1=CC(=C(C=C1)C)CN2C3=CC=CC=C3C(=O)N(C2=O)CCC(=O)NCC4=CC=CO4,0
CCC(=O)NC1=C(C(=C(S1)C(=O)OC)C)C(=O)OC,0
CC1(C(=O)N(C2=C(O1)C=CC(=C2)C(=O)NC3CCCC3)CC(=O)NC4CCCCC4)C,0
CC1=CC=CC=C1N2C(=O)CC(C2=O)SC3=NN=C(O3)C4=CC=CC=C4,0
CC1=CC=C(C=C1)C2=NC3=C(C=NN3C(=C2)C(F)(F)F)C(=O)NCC4=CC=CO4,0
C1CC2=CC=CC=C2N(C1)C(=O)CSC3=NN=C(N3C4=CC=CC=C4)COC5=CC=C(C=C5)C#N,0
COC1=NC(=NC(=C1)NS(=O)(=O)C2=CC=C(C=C2)NC(=O)CSC3=NCCS3)OC,0
CC1=C(C(C(=C(N1)SCSC)C#N)C2=CC=CC=C2Cl)C(=O)C,0
C1C(C(=O)N(C1=O)C2=CC=CC=C2)SC3=NN=C(O3)C4=CC=CC=C4,0
CC1=C(C(C(=C(N1)SCC(=O)N)C#N)C2=CN=CC=C2)C(=O)C,0
C1COCCN1C(=O)C2=COC(=O)C(=C2)Br,0
C1COCCN1C(=O)C2=CC=CC3=C2NC(C4C3C=CC4)C(=O)O,0
C1=CC=C2C(=C1)N=C(C(=N2)C3=CC=CO3)C4=CC=CO4,0
CN(C)C1=C(C=C(C=C1)C(=S)N2CCOCC2)Br,0
CC1=C(SC(=C1C(=O)OC(C)C)N)C(=O)N,0
COC1=CC=C(C=C1)C2=C(N=CO2)C(=O)NC3=CC=CC=C3N4CCCCC4,0
C1CN(CCC1C(=O)C2=CC=C(C=C2)F)C(=O)C3=CC=NC=C3,0
CC1=CC(=CC(=C1)NC(=O)NCC2=NN=C(N2C)SCC3=CC=CC=C3)C,0
CC1=C(C(=CC=C1)NC2=NCC(=O)N2C3=CC(=C(C=C3)OC)OC)C,0
C/C=C/CN1C2=C(N=C1N3CCCCCC3)N(C(=O)NC2=O)C,0
CC1=CC(=C(S1)N)C(=O)C2=CC=CS2,0
CC1=CC2=C(C=C1C)N=C(N2)C3=CN=C(C=C3)SCC(=O)N4CCN(CC4)C(=O)C5=CC=CO5,0
CSC1=NC2=C(C(=N1)NCCOCCO)SC3=C2C4=C(CCC4)C(=N3)C5=CC=CO5,0
C1COCCN1C2=C(C(=O)N(C2=O)C3=CC=CC=C3Cl)Cl,0
CN1C(=CN=C1NC(=O)CCC(=O)NCCC2=CC=CC=C2)C3=CC4=C(C=C3)OCO4,0
CC1=CC(=NC(=N1)SCC(=O)N)OC,0
COC1=CC(=C(C=C1)OC)N2C(=O)C(=C(C2=O)Cl)N3CCCCC3,0
CC1=CC2=C(C=C1)N=C(S2)NC(=O)CN(C)S(=O)(=O)C3=CC=CC4=NSN=C43,0
CCCCOC(=O)CNC1=NN=C(NC1=O)SCC(=O)OCC,0
CCCOC1=C(C=CC=C1OC)C2CC(=O)NC3=CC(=C(C(=C23)OC)OC)OC,0
COCC1=NN=C(S1)NC(=O)C2=C(C=CC(=C2)Cl)OC,0
C1CCN(CC1)C2=C(C(=O)N(C2=O)C3=CC=CC=C3Cl)Cl,0
CC1=C(C=CC(=C1)O)NC2=NC(=CS2)C3=C(N=C(S3)N)C,0
C1=CC=C(C=C1)CC2=NN=C3N2N=C(S3)C4=CC=CS4,0
C1CC(OC1)CNC(=O)C(C2=CC=CC=C2)N(C3=CC=C(C=C3)F)C(=O)CNC(=O)C4=CC=CO4,0
CCOC(=O)NC1(OC2=CC=CC=C2O1)NCC3=CC=CC=C3,0
C1CCCC2=C(CC1)C=C(C(=S)N2)C#N,0
CC(C)(C)C1=NN2C(=NN=C2SC1)C3=NNC4=C3CCC4,0
CC1=CC(=NO1)N2C(C3=C(C2=O)OC4=C(C3=O)C=C(C=C4)Cl)C5=C(C(=CC=C5)OC)OC,0
CCC(C)(C)N1C(=NN=N1)C(C2=CC(=C(C=C2)O)OC)N3CCN(CC3)C4=NC5=CC=CC=C5S4,0
CC1=CC(=CC(=C1)NC(=O)C2CCCN(C2)C3=NC(=CC(=N3)C)C)C,0
C1CCC(CC1)N2C(=NN=N2)SC(=O)C3=CC=CS3,0
C1CC2=C(C(=C(C=C2Cl)Cl)O)NC1,0
CCOC1=CC=CC(=C1)C(=O)NC2=CC=CC(=C2)C3=NN=C(O3)C4=CC=C(C=C4)C,0
C1C(=O)N(C2=CC=CC=C2O1)CC(=O)N(CC3=CC=CC=C3)CC4=CC=CC=N4,0
COC(=O)CN(C1=CC=CC=N1)S(=O)(=O)C2=CC=CC=C2,0
CCC(CC)C1=NC2=CC=CC=C2C(=N1)NCCC(=O)O,0
CCOC(=O)N1CCN(CC1)C(=O)CSC2=NC(=NS2)C3=CC=CC(=C3)C,0
C1=COC(=C1)C2=NC3=C(C=C2)C(=C(S3)C(=O)NC4=CC=C(C=C4)F)N,0
CC1=CC(=CC=C1)C2=NSC(=N2)SCC(=O)NC3=NOC(=C3)C,0
CNC1=C(C(=C(S1)C(=O)C2=CC=CS2)N)C3=NC4=CC=CC=C4S3,0
CCN1C2=CC=CC=C2C(=CC1=O)SCC(=O)NCCCN3CCN(CC3)C4=CC=C(C=C4)F,0
COC1=CC=CC(=C1)N2C(=NN=N2)SCC(=O)NCCC3=CC=CC=C3,0
CC(C)CCN1C2=C(N=C1SCC3=CC=C(C=C3)Cl)N(C(=O)NC2=O)C,0
C1=CC=C(C=C1)CSC2=NC(=C(N=N2)C3=CC=CO3)C4=CC=CO4,0
CC1(CC2=C(CO1)C(=S)SC(=C2C#N)N)C,0
CC(=O)OC1=CC=C(C=C1)N2C(=O)C3C(C2=O)C4(C=CC3(O4)C)C,0
CC1=C(C=C(C=C1)C(=O)O)NC(=O)C(CC(C)C)NS(=O)(=O)C2=CC3=C(C=C2)N(CC3)C(=O)C,0
CCOC(=O)C1=C(N=C(S1)N)C2=CC=CC=C2,0
CC(C(=O)N1CC(CC1C(=O)OCC2=CC=CC=C2)O)NC(=O)CNC(=O)OCC3=CC=CC=C3,0
C1COCCN1SC2=NC3=CC=CC=C3S2,0
C1CC2=C(C1)N=C(NC2=O)SCC(=O)NC3=CC(=CC=C3)Cl,0
CC(C1=NC2=CC=CC=C2N1CCOC3=CC=CC=C3OC)O,0
CN(C)C1=CC=C(C=C1)NC(=O)CN2C(=O)CC(=NC3=CC=CC=C32)C4=CC=CC=C4,0
CC(C)(C#CC1=CC=C(S1)C(=O)NCC2=CC=CS2)O,0
CC1=CC(=NN1C2=NC(=CC(=N2)C(F)(F)F)C3=CC=CO3)C(F)(F)F,0
CC1=CC=C(C=C1)C(=O)CSC2=C(C(C(=C(N2)C)C(=O)NC3=CC=CC=C3OC)C4=CC=CO4)C#N,0
COC(=O)C1=CC=C(C=C1)C2CC(=O)NC3=C2C(=O)CCC3,0
COC1=CC(=C(C=C1)OC)NC(=O)NC2(OC3=CC=CC=C3O2)C(F)(F)F,0
C1=CC=NC(=C1)/N=C\2/C(=C(SS2)Cl)Cl,0
COC1=CC=CC=C1NC(=O)C2=C(N=CN2)C(=O)NC3=CC=CC=C3OC,0
C1CN(CCN1C2=CC=CC=C2)C(=O)CSC3=CC=CC=N3,0
CN(C1=CC=C(C=C1)F)C(=O)C2=COC(=O)C3=CC=CC=C32,0
CN1C(C(C2=CC=CC=C2C1=O)C(=O)O)C3=C(C=CC(=C3)OC)OC,0
C1CCC2=C(C1)C3=C(S2)NC(NC3=O)C4=CC=CS4,0
C1CN(CC2=C1C(=C(SC2=S)N)C#N)CC3=CC=CC=C3,0
COC(=O)C1=C(C2=C(S1)N=C(C=C2)C3=CC=CO3)N,0
C1CCC2=C(C1)C(=C(C(=S)N2)C#N)C3=CC=CO3,0
CCSC1=NC2=C(N1CC(COC3=CC=CC=C3C)O)C(=O)NC(=O)N2C,0
C1=CC=C(C=C1)NC(=O)CSC2=NC(=C(N=N2)C3=CC=CO3)C4=CC=CO4,0
C1=CC=C(C=C1)OC2=CC=CC(=C2)C3C(=C(SC(=C3C#N)N)N)C#N,0
C1CSC2=NC=C(C(=O)N21)C(=O)NCCCC3=CC=CC=C3,0
C1CN(CCC12OCCO2)C(=O)C3=CC4=C(C=C3)N=C(C(=N4)C5=CC=CO5)C6=CC=CO6,0
CC1=CC=C(C=C1)N(CC(=O)N)C2C(=O)N(C(=O)S2)CC3=CC=CC=C3,0
CC1=C(C=CN=C1CS(=O)C2=NC3=CC=CC=C3N2)OCC(F)(F)F,0
CC(=O)NC1=NC(=S)SS1,0
CC1CCN(CC1)C(=O)CSC2=NN=CN2C3=CC=CC=N3,0
CS/C(=N\S(=O)(=O)C1=CC=CS1)/NC(=O)CSC2=NC3=CC=CC=C3S2,0
C1CN(CCC1N2C3=C(C=C(C=C3)F)N=N2)C(=O)N4CCOCC4,0
CC(C)OC(=O)C1=C(SC2=C1CCCC2)NC(=O)CCN3C4=CC=CC=C4N=N3,0
C1CCC(CC1)C(=O)NC2=NC3=C(S2)C=C(C=C3)S(=O)(=O)N4CCCC4,0
CC1=C(C(=C(C=C1NS(=O)(=O)C2=CC=CC=C2)Cl)O)C,0
C1=CC=C(C=C1)C2=NN=C3N2N=C(S3)COC4=C(C=C(C=C4)Cl)Cl,0
CC1(CC2=C(CO1)C(=NC3=C2C4=C(S3)C(=NC=N4)SCC(=O)OC)C5=CC=CO5)C,0
COC1=CC(=CC(=C1OC)OC)C2=NN3C(=NN=C3S2)COC4=CC=CC=C4,0
COC1=CC=CC=C1C2=NC(=S)NN=C2,0
COC(=O)C(CC(=O)C1=CC=C(C=C1)Br)N2C=CN=C2,0
COC(=O)NC1=NC2=C(N1)C=C(C=C2)SC3=CC=CC=C3,0
CN1C=CC=C1C(=S)N2CCOCC2,0
CC1=C(C(=NO1)C2=CC=CC=C2)C(=O)NC3=NN=C(S3)CC4=CC(=C(C=C4)OC)OC,0
CC1=CC(=C2C=C(C(=NC2=C1)SCC(=O)NCC3=CC=CO3)C#N)C,0
CC(C)CNC(=O)C1CCCN(C1)S(=O)(=O)C2=CC=C(C=C2)N3C=NN=N3,0
C1=CC=C(C=C1)CC(C(=O)NCCCN2C=CN=C2)N3C(=O)C4=CC=CC=C4C3=O,0
COC1=C(C=C(C=C1)C2=CC(=NO2)C(=O)NC3=CC(=C(C=C3)OC)OC)OC,0
C1CN(CCN1C2=CC=C(C=C2)O)C(C3=CC=CS3)C4=NN=NN4CCC5=CC=CC=C5.Cl,0
CC1=CSC(=N1)NC(=O)NC2(OC3=CC=CC=C3O2)C(F)(F)F,0
COC(=O)C1=CC=C(C=C1)NC(=O)CSC2=NN=C(O2)COC3=CC4=C(CCCC4)C=C3,0
COC1=CC=C(C=C1)N2CN3C(=O)CC(C(=C3SC2)C#N)C4=C(C(=CC=C4)OC)OC,0
CN(C)C1=CC=C(C=C1)C(=O)NC2=NN=C(O2)C3=CC=C(C=C3)Cl,0
CC1=CC=C(C=C1)CSC2=NC3=C(C(C4=C(N3)CCCC4=O)C5=CC=NC=C5)C(=O)N2,0
CC1=CC=C(C=C1)CN2C3=C(N=C2SCC=C)N(C(=O)NC3=O)C,0
CN1CCN(CC1)C2=C(C(=O)N(C2=O)C3=CC=C(C=C3)Cl)Cl,0
CC1CC2=C(S1)C(=O)N(C(=N2)SCC(=O)NC3=NC4=C(S3)C=C(C=C4)C)C,0
CC1=CC(=CC=C1)C2=NSC(=N2)SCC(=O)N3CCCC3,0
COC1=CC=C(C=C1)CC(=O)NC2=CC=C(C=C2)S(=O)(=O)NCC3CCCO3,0
C1CCC(CC1)N2C(=O)C3C(N(OC3C2=O)C4=CC=C(C=C4)Br)C5=CN=CC=C5,0
COC1=CC(=CC(=C1OC)OC)C2=NN3C(=NN=C3S2)C4CCCCC4,0
C1CCC(CC1)C2=NN=C3N2N=C(S3)COC4=CC=CC=C4,0
CC1(CC2=C(CO1)C(=NC3=C2C(=C(S3)C(=O)N4CCCCC4)N)N5CCOCC5)C,0
CCOC(=O)C1=C(C2=C(N1)C=CC(=C2)OC)NC(=O)CN3CCC4(CC3)OCCO4,0
C1=CC=C(C=C1)NNC(=S)N=NC2=CC=CC=C2,0
C1=CC(=C(C(=C1CNNC(=O)C(CO)N)O)O)O.Cl,0
CC1=CC(=C(C=C1)C)N2CCN(CC2)C(=O)C3=CC4=C(C=C3)C(=O)N(C(=O)N4)CC=C,0
C1C(=C(N2[C@H](S1)[C@@H](C2=O)NC(=O)[C@@H](C3=CC=CC=C3)N)C(=O)O)Cl,0
CC1=CC(=NO1)NC(=O)CC2=CC=CS2,0
CCN(CC)S(=O)(=O)C1=CC2=C(C=C1)N=C(N2)COC(=O)C3=NNC4=CC=CC=C43,0
CC(=O)C1=CC(=CC=C1)NC(=O)NC2=CC3=C(N2C)C=CS3,0
C1CN(CCN1C(=O)CSC2=NN=C(O2)C3=CC=C(C=C3)F)C(=O)C4=CC=CO4,0
CC1(CC(=O)C(C(=O)C1)C(C2C(=O)CC(CC2=O)(C)C)C3=CC=CO3)C,0
C1=CC=C(C=C1)CCC2=NN3C(=NN=C3S2)C4=CC=CC=C4Cl,0
CC1=CC2=C(C=C1)NC(=O)C(=C2)C(C3=NN=NN3C4CCCC4)N5CCN(CC5)C6=CC=CC=C6OC,0
CCC1=[N+](C(N(C1(C)C)O)(C)/C(=N\O)/C)[O-],0
CC1=CC=C(C=C1)NC(=O)C2=C(C=CC(=C2)NC(=O)C3=CC=CO3)N4CCCCC4,0
CC1=CC=C(O1)C2=NC3=CC=CC=C3C(=C2)C(=O)NC4=CN=CC=C4,0
CC1C(=O)NC2(S1)CN3CCC2CC3,0
CCOC(=O)C1=C(N(C(=C1)C2=CC=C(C=C2)C)CC(=O)NCC3=CC=CO3)C,0
CC1=CC=C(C=C1)N2C(=NN=C2SCC(=O)NCC3CCCO3)C4=C(OC=C4)C,0
C=CCN1C(=NNC1=S)C2=CC=CO2,0
CSC1=CC=C(C=C1)NC(=O)NCCCN2CCN(CC2)C3=CC=CC=C3F,0
CCCCCCC(=O)N(C1CC(=O)N(C1=O)CC2=CC=CC=C2)O,0
CC1=CC2=NC3=C(C=C2C=C1)C=C(S3)C(=O)N4CCN(CC4)C(=O)C5=CC=CO5,0
CC1=CC=C(C=C1)N2C3=NC(=NC(=C3NC2=O)C(=O)N)C4=CC=C(O4)C,0
CC1=CC=C(O1)C2=C(C(=S)NC3=C2CCCC3)C#N,0
COC1=CC=CC(=C1)C(=O)NC2=CC(=C(C=C2)C3=NC4=CC=CC=C4O3)O,0
C1=CC=C(C=C1)C(=O)NC2=NN(C(=N2)NC(=O)C3=CC=CO3)C4=CC=CC=C4,0
C1=CC=C2C(=C1)N(C(=O)O2)CC(=O)N,0
CC(C)C1=C(C(=NC(=C1C#N)SCC(=O)C2=CC3=CC=CC=C3OC2=O)N)C#N,0
C1=CC=C(C=C1)CC2=CC(=C(S2)NC(=O)C3=CC=CO3)C(=O)N,0
CC1=C(C(=NO1)C2=CC=CC=C2)C(=O)NC3=C(C4=C(S3)CCC4)C#N,0
C1CC12C3C=CC2C4C3C(=O)N(C4=O)C5=CC=NC=C5,0
CCN1C2=CC=CC=C2C3=C1N=C(N=N3)SC(C(=O)OCC)C(=O)OCC,0
CC1=CC=C(C=C1)NC(=O)CSC2=NC(=C(N=N2)C3=CC=CO3)C4=CC=CO4,0
COC(=O)C1=CC=CC=C1NC(=O)CN2C=NC3=C(C2=O)C=NN3C4=CC=CC=C4,0
CC1=CC=C(O1)C2=C(N3C=CN=CC3=N2)NC4=CC=CC=C4,0
CC1=CC=C(C=C1)SC2=C(C=C(C=C2)C(=O)OC)N,0
CC1=CC2=C(C=C1C)NC(=O)C(=C2)C(C3=NN=NN3CC4CCCO4)N5CCCC6=CC=CC=C65,0
COC1=CC=CC=C1C2=CC(=NO2)C(=O)N3CCN(CC3)C4=CC=C(C=C4)F,0
C1CCC(CC1)NC(=O)/N=C/2\NC(=O)C(S2)(C(F)(F)F)F,0
C1CC(OC1)CNC(=O)CSC2=NN3C(=NN=C3C4=CC(=CC=C4)F)C=C2,0
CC1(CC2=C(C(C3=C(N2)NC(=S)NC3=O)C4=CC=CC=C4)C(=O)C1)C,0
CC1=C(SC(=C1C(=O)N2CCOCC2)N)C3=CC=CC=C3,0
C1COCCN1S(=O)(=O)C2=CC3=C(C=C2)N=C(C(=N3)C4=CC=CO4)C5=CC=CO5,0
CCC(CC)C1=NN=C(S1)NC(=O)C2=C(ON=C2C3=CC=CC=C3)C,0
CC1=CN=C(S1)NC(=O)CSC2=NN=C(N2N)C3=C(C=C(C=C3)Cl)Cl,0
C1CCN(CC1)CCN2C=NC3=C(C2=O)NC4=CC=CC=C43,0
C1=CC=C2C(=C1)C(=CC(=N2)C3=CC=CO3)C(=O)O,0
CC1=CC(=NO1)NC(=O)CSC2=NC(=NC3=C2C4=C(S3)CCCC4)C(C)C,0
CCCCN1C2=CC=CC=C2/C(=C/3\C(=O)N=C(S3)N4CCCCC4)/C1=O,0
CC1=CC=C(C=C1)C2C(=C(SC(=C2C#N)N)N)C#N,0
C1C(CN(C1=O)C2=CC=CC=C2F)C3=NC4=CC=CC=C4N3,0
CC1=CN=C(C=N1)C(=O)NC2=CC(=C(C=C2)F)F,0
C1=CC=C2C(=C1)N=CC(=N2)C(=O)O,0
CC(=O)NC1=NC(=CS1)C2=CC(=CC=C2)OC,0
CC1=CC=CC=C1NC(=O)CSC2=C(C(=CC(=O)N2)C)C#N,0
C1CCC2=C(C1)C(=C(S2)N)C(=O)NC3CCS(=O)(=O)C3,0
CC1=CC=C(O1)C2=CSC(=N2)NC(=O)C3=CC(=CC=C3)N4C(=O)CCC4=O,0
C1CC2=C(C1)SC(=C2C#N)NC(=O)C3=CC=NC=C3,0
CC1=C(C=NO1)C(=S)NC2=CC=CC=C2,0
C1=CC=C2C(=C1)C=CN2CC(CNC3=CC=CC=C3O)O.C(=O)(C(=O)O)O,0
CC1CCN(CC1)S(=O)(=O)C2=CC=C(C=C2)NC(=O)CN3N=C(N=N3)C4=CC=CC=C4F,0
C1CCC(C1)N2C(=NN=N2)C(C3=CC4=CC5=C(C=C4NC3=O)OCCO5)N6CCSCC6,0
CC1=CC=C(C=C1)N2C(=NN=C2SCC(=O)NC3=CC4=C(C=C3)OCO4)C5=CC=CS5,0
CC1=CN=C(C(=C1OC)C)CS(=O)C2=NC3=C(N2)C=C(C=C3)OC,0
CCN(CC)C(=O)C1=C(C(=C(S1)NC(=O)OCC)C(=O)OCC)C,0
C1=CC=C(C=C1)C2=NC3=CC=CC=C3C(=C2)C4=NN5C(=NN=C5S4)C6=CC=CO6,0
CN1C(=O)CSC1=NCCC2=CNC3=C2C=C(C=C3)OC,0
C1=CC=C(C=C1)C2=CC=C(O2)CCC(=O)O,0
CC(C)CCN1C2=C(N=C1SCC(=O)OC)N(C(=O)N(C2=O)C)C,0
CCOC(=O)C(C)SC1=NC2=C(N1CC3=CC=C(C=C3)Cl)C(=O)NC(=O)N2C,0
C1COCCN1S(=O)(=O)C2=CC=C(C=C2)C3=CSC(=N3)NC(=O)COC4=CC=CC=C4,0
CC1(CC2(CC(OC2=O)(C)C3=CSC(=N3)NCC=C)C(=O)O1)C,0
C1CCC(CC1)OC(=O)CSC2=NN=NN2C3=CC4=C(C=C3)OCCO4,0
C1=CC=C(C=C1)C2=NN=C(O2)SC3=CS(=O)(=O)C4=CC=CC=C43,0
CC(C)C(=O)N1CCC2=C1C=CC(=C2)C3=CSC(=N3)N,0
COC1=CC=C(C=C1)CC2=NN=C(S2)NC(=O)CC3=CC=CS3,0
CC1=NC(=CC=C1)N2C(=C(C3=CC=CC=C3C2=O)C=NC4=CC5=C(C=C4)OCO5)O,0
CC1=CC=CC=C1NC2=NN=C(S2)SCC(=O)NC(=O)NCC3=CC=CO3,0
CC1=CC2=NN(N=C2C=C1N)C3=CC=CC4=CC=CC=C43,0
CC1=CC=C(C=C1)C(=O)CSC2=NC3=C(O2)C=CC(=C3)S(=O)(=O)N4CCOCC4,0
CCN(CC)C(=O)C1=C(C(=C(S1)NC(=O)OC)C(=O)OCC)C,0
C1CC2C3=C(C=CC(=C3)O)OC2(C1)N4CCOCC4,0
CC1=CC2=C(C(C(=C(O2)N)C#N)C3=CC4=C(C(=C3)OC)OCO4)C(=O)N1CCC5=CC=CC=C5,0
COC1=CC=C(C=C1)C2=C(C(=S)NC3=C2CCC3)C#N,0
CC1=CC(=NO1)NC(=O)C2=CC3=C(C=C2)C(=O)N(C3=O)C4CCCCC4,0
COC1=CC=CC=C1N(C2CC(=O)N(C2=O)C3=CC=C(C=C3)Br)O,0
CC1=CC(=NO1)NC(=O)CSC2=NC3=CC=CC=C3C(=O)N2CC4=CC=C(C=C4)F,0
COC1=C(C=CC(=C1)C(C2=NN=NN2C3CCCC3)N4CCC5=CC=CC=C5C4)O.Cl,0
C1CC2=C(C3=CC=CC=C3N=C2C1)C(=O)NCC4=CC=CO4,0
COC1=C(C=CC(=C1)C(=S)N2CCCC2)O,0
CCOC(=O)C1=C(NC(=C(C1C2=CC=C(C=C2)C(=O)OC)C#N)SCC(=O)OC)C,0
CC1=CC(=C(N1C2=CC=C(C=C2)OC)C)C(=O)COC3=CC=C(C=C3)N4C=NN=N4,0
C1=CSC(=C1)C2=CC=C(O2)CCC(=O)O,0
CCN(CC)C1=CC=C(C=C1)C(=S)N2CCN(CC2)C3=CC=CC=C3,0
CC1=CC(=NO1)NC(=O)COC(=O)C2=CC(=C(C=C2)OCC3=CC=CC=C3Cl)OC,0
C1COCCN1CC(COC2C3CC4CC(C3)CC2C4)O.Cl,0
C1C(C(=C2N(C1=O)CN(CS2)C3=CC=CC=C3)C#N)C4=CC=CC=C4Cl,0
C1CCN(CC1)CCNC(=O)/C=N/O,0
C1=CC=C(C=C1)NC(=O)C2=CC3=C(C=C2)N=C(C(=N3)C4=CC=CO4)C5=CC=CO5,0
COC1=CC=C(C=C1)N2C(=O)C(=C(C2=O)Cl)N3CCN(CC3)CC4=CC=CC=C4,0
C1=CC=C(C=C1)CCC2=NN3C(=NN=C3S2)CC4=CC=CC=C4,0
COC1=CC=CC=C1NC2=NC3=C(S2)CCC3,0
CCOCC(=O)NC1=NN=C(S1)C2CCCCC2,0
C1CC2=C(C3=CC=CC=C31)N=C(S2)NC(=O)C4=CC=CO4,0
CCOC(=O)CCC1=C(C(=C(N=C1C)SCCCN2C3=CC=CC=C3NC2=O)C#N)C,0
C1=CC2=C(N=C1)N=C(N2)SCC3=CC=C(C=C3)F,0
C1CCC2=CC(=C(N=C2CC1)SCC(=O)NC3=C(C4=C(S3)CCC4)C#N)C#N,0
CN\1C2=C(C=C(C=C2)OC)S/C1=C\C(=O)C3=CC=NC=C3,0
COC1=CC=CC=C1OCC2=NN=C(N2CC3=CC=CO3)SCC(=O)NCC4=CC=CO4,0
C1=CC=C2C(=C1)NC(=N2)NC3=CC=CC=N3,0
CC1=CC=C(C=C1)OCC(=O)NC2=CC(=C(C=C2)O)C3=NC4=CC=CC=C4O3,0
C1=COC(=C1)C2=C(OC(=C2C#N)NC(=O)CSC3=NC=NC4=C3C=CS4)C5=CC=CO5,0
C1=COC(=C1)C2=NC3=CC(=NN3C(=C2)C(F)(F)F)C(=O)NC4=CN(N=C4)CC5=CC=C(C=C5)F,0
CCN1C(=O)/C(=C/2\N(C3=C(S2)C=CC(=C3)OC)C)/SC1=NC4=CC(=CC=C4)O,0
C1CCC2(CC1)SC(C(=C(S2)N)C#N)C3=CC=CC=C3,0
C1C(OC2=CC=CC=C2O1)C3=NN=C4N3N=C(S4)CC5=CC=CC=C5,0
C1=CC=C(C(=C1)CSC2=NC(=C(N=N2)C3=CC=CO3)C4=CC=CO4)Cl,0
CC1=CC=CC=C1CN2C=C(C=N2)NC(=O)C3=NOC(=C3)C4=CC(=C(C=C4)OC)OC,0
CCSC1=CC=CC=C1C(=O)NC2=NN=CS2,0
COC1=C(C=C(C=C1)C2=CC(=NO2)C(=O)NC3=CC(=C(C(=C3)OC)OC)OC)OC,0
CC1=CC=C(O1)C2=NC3=C(C=C(C=C3)Br)C(=C2)C(=O)NCCCN4C=CN=C4,0
CC(C)(C)C1=CSC(=N1)NC(=O)CN2C3=CC=CC=C3OC2=O,0
C1CN(CC2=C1C(=C(S2)N)C#N)C(=O)OCC3=CC=CC=C3,0
CC1=NC(=CC=C1)NC(=O)C2=CC=CC=C2Br,0
CC1=CC=C(C=C1)C2CC(=O)NC(=C2C#N)SCCC(C)C,0
CCOC1=CC=C(C=C1)C(=O)NC2=NC3=C(C(=C2)C)C(=O)OC4=CC=CC=C43,0
CC(C(=O)NC1=CC=CC=N1)N2C(=O)C3C4CC(C3C2=O)C=C4,0
C1CN(CCN1C2CC(=O)N(C2=O)CC3=CC=CS3)C4=CC=C(C=C4)O,0
C1CCC(CC1)C2=NC(C3=C(N2)N(C(=O)NC3=O)CC4=CC=CO4)(C(F)(F)F)C(F)(F)F,0
CCC1=CC=CC=C1NC2=NCC(=O)N2C3CCCCC3,0
CC1=CC(=CC(=C1O)Cl)NS(=O)(=O)C2=CC=CC=C2,0
CCOC1=CC2=C(C=C1)NC(=O)C(=C2)CN(CCCO)C(=O)C,0
C1=CC2=C(C=C1Cl)C3C(C(SC4=C3SC(=O)N4)C(=O)O)C(=O)O2,0
CCN1C(=C(C=N1)C2=NOC(C2)C(=O)NCC3=CC=CC=C3)C,0
CC1=C(C(C(=C(N1)SCSC)C#N)C2=CC=C(C=C2)Cl)C(=O)C,0
CCC1=CC2=C(C=C1)NC(=O)C(=C2)CN(CC3=CC4=C(C=C3)OCO4)C(=O)C5=CC=CO5,0
CCC1=CC=C(C=C1)C2C(=C(SC(=C2C#N)N)N)C#N,0
CC1(C2=CC=CC=C2C(=O)N1CCC3=CC=CC=C3F)O,0
C1=CC=C(C=C1)NS(=O)(=O)C2=CC=C(C=C2)NC(=O)C3C4C=CC(C3C(=O)O)O4,0
CCOC(=O)CSC1=C(C(C(=C(N1)C)C(=O)C)C2=CC=C(C=C2)F)C#N,0
CCOC1=CC(=C(C=C1)C2C(=C(SC(=C2C#N)N)N)C#N)OCC,0
CSC1=NC2=C(C3=C(S2)CCCC3)C4=NN=NN41,0
C1=CC=C(C=C1)N2C3=NC4=CC=CC=C4C3=NN(C2=S)CCO,0
CCC1=NN=C(S1)NC(=O)CSC2=NN=C(N2C3=CC=CC=C3)COC4=CC=C(C=C4)C#N,0
CCCOC1=C(C=C(C=C1)[C@@H]2C3CN(CC=C3C(=C(C2(C#N)C#N)N)C#N)C(=O)OCC)OC,0
C1CCN(CC1)C(=O)C2=CC=CC=C2C(=O)NC3=CC=C(C=C3)S(=O)(=O)N,0
CC1=NC(=NN1)SCC(=O)C2=CC=CC=C2,0
CN1CCN(CC1)C2=C(C(=O)N(C2=O)C3=CC(=CC=C3)Cl)Cl,0
C1COCCN1C2=CC=C(C=C2)NC(=O)NC3=NSN=C3,0
C=CCN1C(=NNC1=S)CC2=CNC3=CC=CC=C32,0
CCOC1=CC=C(C=C1)C2=NN3C(=NN=C3S2)C4=CC=CC=C4,0
C=CCN1C(=NNC1=S)C2=CNC3=CC=CC=C32,0
C1=CC(=CC=C1C2C(=C(SC(=C2C#N)N)N)C#N)C(F)(F)F,0
CC1=CSC(=N1)NC(=O)CSC2=NC3=C(C(=C(S3)C)C)C(=O)N2,0
C1C(OC2=CC=CC=C2O1)C3=NN=C4N3N=C(S4)CCC5=CC=CC=C5,0
CCN1C(=NN=C1SCC(=O)NC2CCCCC2)COC3=CC=CC=C3,0
CCC(=O)NC1=C(C=C(C=C1)C(=O)CSC2=NN=C(O2)CNC3=CC=C(C=C3)Cl)OCC,0
CC1=C(C(=NO1)C)CSC2=NN=C3N2C(=CS3)C4=CC=CC=C4,0
C1CCN(CC1)C23C(CCCNC2=O)C4=C(O3)C5=CC=CC=C5C(=C4)O,0
CCOC1=CC=C(C=C1)N2C(=NNC2=S)C3=CC=CO3,0
COC(=O)C1=CC=C(O1)CSC2=NC3=C(C=NN3C4=CC=C(C=C4)Cl)C(=O)N2,0
CC1=C(C=C(C=C1)C2=NC3=CC=CC=C3O2)NC(=O)C4=CC5=C(C=C4)OCO5,0
C1CCN(C1)S(=O)(=O)C2=CC=C(C=C2)N3C(=O)C4=CC=CC=C4S3,0
CCOC(=O)C1=CN=C(N=C1N)SCC(=O)NC2=C(C(=C(S2)C)C)C#N,0
C1CN(CCC1C(=O)N)C(=S)C2=CC=CS2,0
CC1=CC(=O)NC(=C1C#N)SCC(=O)C23CC4CC(C2)CC(C4)C3,0
CC1=C(C(=CC=C1)NC(=O)C2=C(N=C(O2)C)C)C,0
CN1CN2C(=O)CC(C(=C2SC1)C#N)C3=C(C=CC4=CC=CC=C43)OC,0
CC1=CC=C(C=C1)C(=O)CSC2=NC=NN2,0
CCCCCN1C2=C(N=C1SCCC(C)C)N(C(=O)NC2=O)C,0
CCCC1=NN=C(S1)NC(=O)CN2C3=CC=CC=C3SC2=O,0
C1COCCN1C2=NC=NC3=C2N=NN3C4=CC=CC=C4,0
C1CN(CCN1CCC#N)C(=S)C2=CC=C(O2)C3=CC=C(C=C3)Cl,0
CC1C(=O)N(C2=CC=CC=C2O1)CC3=CC=CC=C3F,0
C1CCCN(CC1)S(=O)(=O)C2=CC=CC(=C2)C(=O)NC3=NC(=NC(=N3)N)C4=CC=CC=C4,0
C1C2C=CC1C3C2C(=O)N(C3=O)CNC4=CC=C(C=C4)O,0
CCOC1=CC=CC=C1NC(=O)N2CCC(CC2)NC(=O)C3=CC=CC(=C3)C,0
CCOC(=O)CCC1=C(C(=C(N=C1C)SCC(=O)O)C#N)C,0
CC1=CC(=C(C=C1)C2=NN(N=N2)CC(=O)N3CCCCC3)N4C=NN=N4,0
CC1=CC(=C(C=C1)C2=NNC(=C2)C(=O)NC3=C(C=CC(=C3)OC)OC)O,0
COC1=CC=CC(=C1)C2=NN3C(=NN=C3SC2)C4=CC=CC=C4O,0
COC1=CC=CC=C1N(C2CC(=O)N(C2=O)C3=CC=C(C=C3)F)O,0
C1COCCN1C(=O)CC2=NN=C(S2)NC(=O)COC3=C(C=CC(=C3)Cl)Cl,0
CCN1C(=NN=C1SCC(=O)NC2=C(C(=C(O2)C3=CC=CC=C3)C4=CC=CC=C4)C#N)C5=CC=CO5,0
C1CN(CCN1C2=CC=C(C=C2)O)C(=O)C3=CC4=CC=CC=C4C=C3,0
C1CN(CCN1CCO)C(C2=C(C3=C(C=CC=N3)C=C2)O)C4=CC=CS4,0
CC1=CC(=NC2=C1C(=O)N(S2)CC(=O)N3CCC(CC3)CC4=CC=CC=C4)C,0
C1CC2=C(C1)C=C(C=C2)NC3=C(C=CC=N3)C(=O)N4CCOCC4,0
C1=CC=C(C=C1)CS(=O)(=O)C2=CC=CC=C2C(=O)O,0
CC1C(=O)NC(S1)C2=CC(=CC=C2)Cl,0
C1=CC=C2C(=C1)N=CN2CC3=NN=C4N3N=C(S4)C5=CC=CS5,0
CCCC(C(=O)NC1CCCCC1)N(CC2CCCO2)C(=O)CNS(=O)(=O)C3=CC=C(C=C3)F,0
CCOC(=O)N1CCN(CC1)CC(=O)C2=CC3=C(C=C2)NCC3,0
CCCC(=O)NC1=CC(=C(C=C1OC)NC(=O)NC2CCCCC2)OC,0
CCCC[N+]1=NOC(=C1)/N=C(\[O-])/OC,0
CCOP1(=S)C2=C(N=C(N1C)C3=CC=C(C=C3)F)N(N=C2C)CCC#N,0
CN1C=NN=C1SCC(=O)NC2=C(C3=C(S2)CCC3)C(=O)N,0
CC1=CC=C(C=C1)C2=NN=C(O2)CSC3=NC4=C(C5=C(N4)C=CC(=C5)OC)N=N3,0
CC(=O)NC1=NC(=S)N(N1)C2=CC=CC=C2,0
CC1CC2=CC=CC=C2N1C(C3=NN=NN3C4CCCC4)C(C)C,0
CC1=NN(C2=C1C=C(C(=O)N2)CNC3=CC4=C(C=C3)OCCO4)C5=CC=CC=C5,0
CC(C)C(C1=NN=NN1CC2=CC=CC=C2)N(CCCO)CC3=CC4=CC5=C(C=C4NC3=O)OCO5,0
CCN1C(=NNC1=S)C2=CC=C(C=C2)C(C)(C)C,0
CC(C)N1C2=C(N=C1SCC(=O)N)N(C(=O)NC2=O)C,0
CC(C)CCN1C2=C(N=C1SCCC3=CC=CC=C3)N(C(=O)NC2=O)C,0
CCN1C2=C(C=C(C=C2)NC(=O)CSC3=NN=C(N3CC)C4=CC=CO4)C5=CC=CC=C51,0
CC1=CC(=C(C=C1)C)N2CCN(CC2)C3=NC=NC4=C3C=NN4C5=CC=C(C=C5)OC,0
C1=CC=C(C=C1)NC(=O)CSC2=NS(=O)(=O)C3=CC=CC=C32,0
CCC1=C(SC(=C1C#N)NC(=O)C2=CC(=NO2)C)C,0
COC(=O)C1CCN(CC1)S(=O)(=O)CC2=CC=CC=C2,0
COC1=C(C=C(C=C1)CC2=NC(=NO2)C3=CC=CS3)OC,0
COC1=C(C=C(C=C1)C2=NN=C(C=C2)SCC(=O)N3CCCC3)OC,0
COC1=CC=CC(=C1)C2CC(=O)N3CN(CSC3=C2C#N)C4=CC=CC=C4F,0
C1COC2=C(O1)C=CC(=C2)C3=NN=C(O3)NC(=O)C4=CC=C(C=C4)CC5=CC=CC=C5,0
CC1(CC2=C(C(C(=C(O2)N)C#N)C#CC3=CC=CC=C3)C(=O)C1)C,0
C1CCC2=C(CC1)C(=S)SC(=C2C#N)N,0
CC1=CC(=C(C=C1)O)C2=NNC(=C2)C(=O)NC3=CC(=C(C=C3)OC)Cl,0
CSC1=NC2=C(C(=N1)N(CCO)CCO)SC3=C2C4=C(CCC4)C(=N3)C5=CC=CO5,0
CC1=CC(=NC(=C1)/N=C/2\C(=NSS2)Cl)C,0
COCCNC(=O)C1=C(SC2=C1CCCC2)N,0
COC1=C(C=C(C=C1)C2=NN3C(=NN=C3S2)COC4=CC=CC=C4)OC,0
CN1C2=CC=CC=C2C3=C1C(=O)N(N=C3C(=O)NCC4=CC=CO4)C5=CC(=C(C=C5)OC)Cl,0
CC1=C(C=C(C=C1)NC2C3=C(C=CC=N3)C(=O)N2C4=CC=CC=C4C)C,0
CC1=CC(=C(C=C1)N2C(=NN=N2)SCC(=O)NC3=NC(=C(S3)C(=O)OC)C)C,0
CC1=C(C=C(C=C1)F)NC(=O)C2CCCN(C2)C3=NC=CC(=N3)C,0
CCOC1=CC=C(C=C1)N(CC(=O)NC2=CC3=C(C=C2)OCCO3)S(=O)(=O)C4=C(ON=C4C)C,0
CN(C)S(=O)(=O)C1=CC=CC(=C1)C2=NN=C(N2N)SCC3=CC(=CC4=C3OCOC4)Cl,0
C1CC2=C3C(=CC=C2)C(=C(C(=O)N3C1)C(=O)NCC4=CC5=C(C=C4)OCO5)O,0
C1=COC(=C1)C2=NC3=C(C=C(C=C3)Br)C(=C2)C(=O)O,0
CC(=O)NC1=NN2C(C=C(NC2=N1)C3=CC=C(C=C3)Cl)C4=CC=C(C=C4)OC,0
CCN(CC)S(=O)(=O)C1=CC2=C(C=C1)OC(=N2)SCC3CN=C(S3)C4=CC=C(C=C4)OC,0
CC1=C(C=CC(=C1)NC(=O)CSC2=NN=C(N2N)C3=CC=NC=C3)Br,0
CCN1C(=NN=C1SCC(=O)NC2=NC(=C(S2)C)C)CC3=CC=CC=C3,0
CC(C)C(C(=O)NCC1=CC=CO1)NC(=O)C2=CC=CC=C2NC(=O)C3=CC=C(C=C3)OC,0
C1OC2=C(O1)C=C(C=C2)NC(=O)CSC3=NN=C(N3CC4=CC=CC=C4)C5=CC=CC=N5,0
CC1=CC=C(O1)C2=NN(N=N2)CC(=O)NC3=CC=CC4=C3CCCC4,0
C1C(=C(C(=N)N1CCC2=CC=CC=C2)C3=NC4=CC=CC=C4C(=O)N3)O,0
CC1=C2C(=CC=C1)C=C(C(=O)N2)C(C3=NN=NN3CC4=CC=C(C=C4)OC)N5CCOCC5,0
CCCSC1=NC(=C(C=C1C#N)C2=CSC(=N2)C(=C3CCCC3)C#N)C,0
CC1=NOC(=C1Cl)C(=O)NC2=C(C3=C(S2)CCC3)C#N,0
CC1=C(C(N2C(=NN=N2)N1)C3=CC=CS3)C(=O)NC4=CC=C(C=C4)Cl,0
CC1=NN2C(=C(SC2=N1)C(C3=CC=C(C=C3)OC)N4CCC5=CC=CC=C5C4)O,0
CCOC(=O)C1=C(OC2=C1C(=C(C3=CC=CC=C32)O)C(C4=CC=NC=C4)N5CCOCC5)C,0
COC1=CC=C(C=C1)NC2=C(N=C(O2)C3=CC=CC=C3Cl)C#N,0
CC1=C(SC(=S)N1C)NC(=O)OC2=CC=CC=C2,0
COC1=CC=C(C=C1)NCC2=CC3=C(C=CC(=C3)OC)NC2=O,0
CC1=C(NC(=S)SC1)C,0
CC1=C(C=CS1)C2C(=C(SC(=C2C#N)N)N)C#N,0
C/C=C/CN1C2=C(N=C1SCC3=CC=CC=C3)N(C(=O)NC2=O)C,0
COC1=C(C(=C(N1)/N=C/C2=CC=CC=C2)C#N)C#N,0
C1CCC(CC1)SN2C(=O)C3=CC=CC=C3C2=O,0
CCCCC1=CC=C(C=C1)CC(=O)O,0
CC1=CC=C(C=C1)CNC2=CC=C(C=C2)O,0
COCCCN=C(C1=CC=CO1)N2C(=S)N=C(N(C2=S)CCCOC)C3=CC=CO3,0
CC1=C(C(C2=C(N1)C3=CC=CC=C3C2=O)C4=CC=C(O4)C5=CC=C(C=C5)C(=O)O)C(=O)OC,0
CCC(C)C1=CC(=C(C=C1)O)N,0
CN1C2=C(C=C(C=C2)/C=N/N3C=NN=C3)N(C1=O)C,0
C1=CSC(=C1)C(=O)NC2=CC3=C(C=C2)N=C(N3)C4=CC=C(O4)Br,0
CCCCOC(=O)CSCC(=O)NC1=NOC(=C1)C,0
CCCC(=O)NC1=CC(=C(C=C1)N2CCN(CC2)CC)Cl.Cl,0
COC1=CC2=NC3=C(C=C2C=C1)C=C(O3)C(=O)NC4=CC5=C(C=C4)OCO5,0
C1CCC(C1)NC(=O)C2=CC3=C(C=C2)N=C(C(=N3)C4=CC=CO4)C5=CC=CO5,0
CCOC1=C(C=C(C=C1)C2C(=C(SC(=C2C#N)N)N)C#N)OC,0
C1=CC=C(C=C1)CCC2C(=C(SC(=C2C#N)N)N)C#N,0
CC1=CC(=C(C=C1)C2C(=C(SC(=C2C#N)N)N)C#N)C,0
C1CN(CCN1C(=O)C2=CC=CO2)C(=O)C3=CC(=NC4=C3C=C(C=C4)Cl)C5=CC=CC=N5,0
CCCCNC(=O)C1=CC2=C(C=C1)N=C(C(=N2)C3=CC=CO3)C4=CC=CO4,0
CCCOC(=O)NC(CC)COC(=O)NC1=C(C=CC(=C1)C)C,0
CCOC1=C(C=C(C=C1)C(=O)NC2=CC(=C(C=C2)NC(=O)C3=CC=CO3)Cl)Br,0
COC1=C(C=C(C=C1)C2=CC(=NO2)C(=O)NC3=CC=CC=C3SC)OC,0
C1CCC2=C(C1)C3=C(N=C2N4CCOCC4)SC(=C3N)C(=O)NCC5=CC=CO5,0
CC1(CC2=C(CO1)SC3=C2C(=O)NC(N3)C4=CN=CC=C4)C,0
CCOC1=CC=C(C=C1)C2C3=C(NC(=O)CS2)N(NC3=O)C4CCCCCC4,0
CN1C2=C(C(=NC(=N2)C3=CC=CO3)SCC4=CC=CC=C4)C(=O)N(C1=O)C,0
CCOC(=O)C1=C(N=C(C(=C1)C2=NN=C(O2)SCC(=O)NC3=CC=C(C=C3)F)C)C,0
CCCCN1C2=C(N=C1SCC3=CC=C(C=C3)Cl)N(C(=O)NC2=O)C,0
CN1C2=C(C(=O)NC1=O)N(C(=N2)SCC3=C(C=CC=C3Cl)F)CCOC,0
C1=CC=C(C=C1)C2=CSC(=N2)C(=C3SC=CS3)C#N,0
COC1=C(C=C(C=C1)CCNC(=O)C2=CC3=C(C=C2)N=C(C(=N3)C4=CC=CO4)C5=CC=CO5)OC,0
CC1=CC=CN2C1=NC3=C(C2=O)C=C(C(=N)N3CCCOC(C)C)C(=S)N,0
CCN(CC)C1=CC2=C(C=C1)OC(=O)C(=N2)C,0
CCCCS/C(=C(/C#N)\C(=O)N)/C1=CC2=C(N1)CCCC2,0
CC1=CC=CN2C1=NC3=C(C2=O)C=C(C(=N)N3CCC4=CC=C(C=C4)OC)C(=O)NCC5=CC=CO5,0
C1=CC=C(C=C1)NC(=O)C2=C(C3=C(S2)N=C(C=C3)C4=CC=CO4)N,0
CN\1C2=CC=CC3=C2C(=CC=C3)/C1=N/O,0
CCN1C=C(C(=N1)C(=O)NC2=C(C(=C(S2)C)C)C(=O)OCC)Br,0
C1COCCN1C(=S)C2=CC=C(O2)C3=CC(=CC=C3)Cl,0
CC1=C(SC(=C1C(=O)OC)NC(=O)C2=CC=C(O2)Br)C,0
C1COCCN1C(=S)C2=CC=C(O2)C3=CC(=C(C=C3)Cl)Cl,0
C1=COC(=C1)C2=C(N=C(C(=N2)C3=CC=CO3)C4=CC=CO4)C5=CC=CO5,0
CCOC(=O)C1=CC=C(C=C1)N=CC2=C(OC(=N2)C3=CC=CC=C3)OC(=O)C,0
CCOC(=O)/C(=C/1\N(C(=O)/C(=C/C(=O)OC)/S1)C2=CC=CC=C2)/C#N,0
CC1=NN=C(S1)NC(=O)NC(C)N2C(=O)C3C4CC(C3C2=O)C=C4,0
CCN1C=C(C(=N1)C(=O)NC2=C(C3=C(S2)CCCCC3)C(=O)OCC)Br,0
COC(=O)C1=CC=CC=C1NC(=O)CSC2=NN=C(O2)CC3=CC=C(C=C3)Cl,0
C1=CC=C2C(=C1)C=CC=C2/C=C\3/C(=O)N4C(=NC=N4)S3,0
CC1=NN2C(=C(SC2=N1)C(C3=CC(=CC=C3)OC)N4CCC5=CC=CC=C5C4)O,0
C1=CC=NC(=C1)CNC(=O)C2=CC3=C(C=C2)N=C(C(=N3)C4=CC=CO4)C5=CC=CO5,0
C1COC2=C(O1)C=CC(=C2)N3CC(CC3=O)C(=O)NC4=NC(=C(S4)C5=CC=CO5)C6=CC=CO6,0
CCC(=O)N(CC1=CC(=O)NC2=CC=CC=C21)C3=CC=CC(=C3)C,0
C1=CC=C(C=C1)C2=NC3=C(C(=C2)C4=CC=CO4)C(=C(S3)C#N)N,0
COC1=CC=CC=C1NC(=O)C\2=CC3=CC=CC=C3O/C2=N\O,0
C1COCCN1CCSC2=NC3=C(C4=CC=CC=C4N3)N=N2,0
CN(C1CCS(=O)(=O)C1)C(=O)CSC2=NC3=CC=CC=C3N2CCC4=CC=CC=C4,0
CCN(C1=NN=C(S1)C2=CC=C(C=C2)OCC)C(=O)C3CCC3,0
CCOC1=CC=CC=C1N2CCN(CC2)S(=O)(=O)CC,0
CC1=CC=C(C=C1)C(=O)CC2(C3=CC=CC=C3N(C2=O)CC(=O)OC)O,0
C=CCN1C(=NN=C1SCC2=CC(=O)N3C=CSC3=N2)C4CCCCC4,0
CC1=C(C(=C(C(=N1)SCC(=O)N2CCCC2)C#N)C3=CC=CC=C3OC)C(=O)N,0
CCCCOC1=C(C=C(C=C1)C2C3CN(CC=C3C(=C(C2(C#N)C#N)N)C#N)C(=O)OCC)OC,0
C1CCC2=C(CC1)SC(=C2C(=O)N)N,0
C1CCC2=C(C1)N=C(S2)NC(=O)CC3=CC=C(S3)S(=O)(=O)N4CCCC4,0
C1=CC=C(C=C1)N2C(=NN=C2SCC3=NC4=C(N3CCO)C=C(C=C4)Cl)C5=CC=CO5,0
CCN1C(=C(SC1=S)C(=O)N)N,0
COC(=O)CSC1=NS(=O)(=O)C2=CC=CC=C21,0
C1CCC2=C(CC1)SC(=C2C(=O)N)NC(=O)CN3C(=O)CCC3=O,0
CN1C2=C(C(=O)NC1=O)N(C(=N2)N3CCN(CC3)C4=CC(=CC=C4)Cl)CCCC5=CC=CC=C5,0
C1=CC(=CC=C1N2C(=C(SC2=S)C(=O)N)N)Br,0
CC1=C(SC(=C1C(=O)OC)NC(=O)C)C(=O)OC,0
CCC1=C(SC(=C1C(=O)N2CCOCC2)NC(=O)C3=CC=CO3)C,0
CCN1C2=CC=CC=C2C(=CC1=O)SCC(=O)N3CCN(CC3)C4=CC=CC=C4OC,0
C1COCCN1CCN2C=NC3=C(C2=O)NC4=C3C=C(C=C4)F,0
COC1=CC=CC(=C1)NC(=O)NC2=C(C=CC(=C2)C(=O)OC)N3CCOCC3,0
CC1=CC=C(C=C1)N2C(=CC(=N2)C3=CC=CO3)C(=O)NCC4=CN=CC=C4,0
C1C(N(CS1)S(=O)(=O)C2=CC=CC3=NSN=C32)C(=O)O,0
C1CN(CCN1CC2=CC=CC=C2)C3=C(C(=O)N(C3=O)C4=CC=CC=C4)Cl,0
CC1=CC2=C(C=C1)N(C3=C2N=NC(=N3)SC)CC4=CC=CC=C4,0
CCN1C(=C(SC1=S)/C=N/N2C=NN=C2)O,0
C1=CC=C2C(=C1)C(=O)N(C2=O)CC(=O)NC3=CC=C(C=C3)C4=NC5=CC=CC=C5O4,0
C1=CC=C(C=C1)CCC2=NN3C(=NN=C3S2)C4=CC=NC=C4,0
CCOC(=O)C1=C(SC2=C1CCCC2)N,0
C1C(C(=O)N(C1=O)C2=CC=CC=C2C(F)(F)F)SC3=NC=CC=N3,0
CCOC(=O)C1=CC2=C(C=C1)SC(C(=O)N2)N3CCN(CC3)C4=CC=C(C=C4)OC,0
C1CSCC2=C1NC3=C2C=C(C=C3)C(=O)O,0
C1=CC=C(C=C1)C2=C(C(=S)NC(=C2C#N)N)C#N,0
CC1=CC=C(C=C1)N(CC(=O)NC2=CC=CC(=C2)C)S(=O)(=O)C3=CC=CC4=NON=C43,0
C1CN(CCN1C(=O)C2=CC=CO2)C(=O)C3=C4C=C(C=CC4=NS3)Cl,0
CCC(C)(C)NC(=O)C(C1=CC=CN1C)N(CC2=CC=C(C=C2)C)C(=O)CN3C4=CC=CC=C4N=N3,0
CCC1=C(NC(=S)C(=C1C)C#N)C,0
CC1=NN2C(NC3=CC=CC=C3C2=C1)C4=CC=C(C=C4)SC,0
C1C=CC2C1C(NC3=C(C=CC(=C23)C(=O)O)Cl)C4=CC=CC=N4,0
CC1CC(CN(C1)C(=O)CSC2=NN=C(O2)C3=CC=C(C=C3)F)C,0
CC1=CC=C(C=C1)C2C(=C(N3C(=O)CSC3=C2C(=O)NC4=CC=CC=C4)N)C#N,0
CC1=C(C(=NN1CC2=CC=C(C=C2)Cl)C)NC(=O)C3=NOC(=C3)C4=CC=C(C=C4)OC,0
CCOCCN1C2=C(N=C1SC)N(C(=O)NC2=O)C,0
C1=CC=C(C=C1)C2=CC=CC=C2N3C(=O)C4C5C=CC(C4C3=O)(O5)CO,0
CC1=CC(=C(C(=C1O)Cl)C)NS(=O)(=O)C2=CC=CC=C2,0
C1CCN(C1)C2=C(C=CC(=C2)N3C(=S)N=NN3)F,0
CN(CC1=CC=CC=C1)C2CC(=O)N(C2=O)C3=CC=C(C=C3)C(=O)O,0
CCOC1=CC=CC=C1C2C(C(=O)NC(=C2C#N)SCC(=O)N)C(=O)OCC,0
CC1=CC(=C(C=C1)N2C(=C(SC2=S)C(=O)N3CCOCC3)N)C,0
CC(C)(C)C1=CC(=CC(=C1O)C(C)(C)C)C(C2=CN=CC=C2)N3CCN(CC3)CCO,0
C1CCC2=C(C1)C(=C(SC2=S)N)C#N,0
CCCC(=O)N1CCC2=C(C1)C3=CC=CC=C3N2,0
COC1=CC=C(C=C1)N2C(=O)C(=C(C2=O)Cl)N3CCCC3,0
CC1=C(C(=O)NC(=N1)N2CCN(CC2)C3=CC=CC=C3)CC4=CC=CC5=CC=CC=C54,0
CCCOC1=CC=C(C=C1)C(=O)NN2C(=NC3=CC=CC=C3C2=O)C,0
COCCN1CN(C(=S)SC1)CC2=CC=CO2,0
CC(C)OC(=O)C1=NN2C(=CC(=NC2=C1Br)C3=CC=C(O3)Br)C(F)(F)F,0
CCCN(CCC)S(=O)(=O)C1=CC=C(C=C1)C(=O)NC2=NN=C(O2)C3=CC(=CC(=C3)OC)OC,0
COCCN1C(=NN=N1)C(C2=CC(=C(C=C2)O)OC)N3CCC4=CC=CC=C4C3.Cl,0
CC1=CC=CC=C1OCC(CN2C3=C(N=C2SC(C)C)N(C(=O)NC3=O)C)O,0
CCCCCOC1=C(C=C(C=C1)C2C(=C(NC3=NC=NN23)C)C(=O)C)OC,0
CC1(CC2=C(C(C3=C(O2)CC(CC3=O)(C)C)C4=C(C=C(C=C4)O)O)C(=O)C1)C,0
CC1=CC(=C(C=C1)N2C(=O)[C@H]3[C@@H](C2=O)ON=C3C4=CC(=C(C=C4)OC)OC)C,0
C1COCCN1C2=NC=NC(=C2)NC(=O)NC3(OC4=C(O3)C=C(C=C4)Cl)C(F)(F)F,0
CCC1=CC=CC=C1NC(=O)C(CC)SC2=NC3=CC4=C(C=C3C(=O)N2CC5=CC=CO5)OCO4,0
CC(C)C1=CC(=C(C=C1)O)N,0
CCCC1=NN=C(S1)NC(=O)CN2C3=CC=CC=C3OC2=O,0
